v,lm ,Bone,Pan,side,postion,postion2,whole,,,,,,,,,,,,,,,,
1,lm1,mandibular condyle,other,left,posterior,posterior,whole,1,lm1,mandibular condyle,other,left,19,lm19,mandibular condyle,other,right,,1,lm1,mandibular condyle,other,left
2,lm2,mandibular condyle,other,left,posterior,posterior,whole,2,lm2,mandibular condyle,other,left,20,lm20,mandibular condyle,other,right,,2,lm2,mandibular condyle,other,left
3,lm3,coronoid process,other,left,posterior,posterior,whole,3,lm3,coronoid process,other,left,21,lm21,coronoid process,other,right,,3,lm3,coronoid process,other,left
4,lm4,coronoid process,other,left,posterior,posterior,whole,4,lm4,coronoid process,other,left,22,lm22,coronoid process,other,right,,4,lm4,coronoid process,other,left
5,lm5,coronoid process,other,left,posterior,posterior,whole,5,lm5,coronoid process,other,left,23,lm23,coronoid process,other,right,,5,lm5,coronoid process,other,left
6,lm6,dentition,other,left,anterior,anterior,whole,6,lm6,dentition,other,left,24,lm24,dentition,other,right,,6,lm6,dentition,other,left
7,lm7,mandibular symphisis,other,left,anterior,anterior,whole,7,lm7,mandibular symphisis,other,left,25,lm25,mandibular symphisis,other,right,,7,lm7,mandibular symphisis,other,left
8,lm8,mandibular symphisis,other,left,anterior,anterior,whole,8,lm8,mandibular symphisis,other,left,26,lm26,mandibular symphisis,other,right,,8,lm8,mandibular symphisis,other,left
9,lm9,mandibular symphisis,other,left,anterior,anterior,whole,9,lm9,mandibular symphisis,other,left,27,lm27,mandibular symphisis,other,right,,9,lm9,mandibular symphisis,other,left
10,lm10,mandibular symphisis,other,left,anterior,anterior,whole,10,lm10,mandibular symphisis,other,left,28,lm28,mandibular ramus,other,right,,14,lm14,mandibular ramus,other,left
11,lm11,mandibular symphisis,other,left,anterior,anterior,whole,11,lm11,mandibular symphisis,other,left,29,lm29,angular process,other,right,,15,lm15,angular process,other,left
12,lm12,mandibular symphisis,other,left,anterior,anterior,whole,12,lm12,mandibular symphisis,other,left,30,lm30,mandibular foramen,pan,right,,16,lm16,mandibular foramen,pan,left
13,lm13,mandibular symphisis,other,left,anterior,anterior,whole,13,lm13,mandibular symphisis,other,left,31,lm31,mandibular foramen,pan,right,,17,lm17,mandibular foramen,pan,left
14,lm14,mandibular ramus,other,left,anterior,anterior,whole,14,lm14,mandibular ramus,other,left,32,lm32,mandibular foramen,pan,right,,18,lm18,mandibular foramen,pan,left
15,lm15,angular process,other,left,posterior,posterior,whole,15,lm15,angular process,other,left,33,lm33,mandibular symphisis,other,right,,10,lm11,mandibular symphisis,other,left
16,lm16,mandibular foramen,pan,left,posterior,posterior,whole,16,lm16,mandibular foramen,pan,left,34,lm34,mandibular symphisis,other,right,,11,lm12,mandibular symphisis,other,left
17,lm17,mandibular foramen,pan,left,posterior,posterior,whole,17,lm17,mandibular foramen,pan,left,35,lm35,mandibular symphisis,other,right,,12,lm13,mandibular symphisis,other,left
18,lm18,mandibular foramen,pan,left,posterior,posterior,whole,18,lm18,mandibular foramen,pan,left,36,lm36,mandibular symphisis,other,right,,13,lm14,mandibular symphisis,other,left
19,lm19,mandibular condyle,other,right,posterior,posterior,whole,,,,,,,,,,,,,,,,
20,lm20,mandibular condyle,other,right,posterior,posterior,whole,,,,,,,,,,,,,,,,
21,lm21,coronoid process,other,right,posterior,posterior,whole,37,c1,mandibular condyle,other,left,327,c21,mandibular condyle,other,right,,,,,,
22,lm22,coronoid process,other,right,posterior,posterior,whole,38,c1,mandibular condyle,other,left,328,c21,mandibular condyle,other,right,,,,,,
23,lm23,coronoid process,other,right,posterior,posterior,whole,39,c1,mandibular condyle,other,left,329,c21,mandibular condyle,other,right,,,,,,
24,lm24,dentition,other,right,anterior,anterior,whole,40,c1,mandibular condyle,other,left,330,c21,mandibular condyle,other,right,,,,,,
25,lm25,mandibular symphisis,other,right,anterior,anterior,whole,41,c1,mandibular condyle,other,left,331,c21,mandibular condyle,other,right,,,,,,
26,lm26,mandibular symphisis,other,right,anterior,anterior,whole,42,c1,mandibular condyle,other,left,332,c21,mandibular condyle,other,right,,,,,,
27,lm27,mandibular symphisis,other,right,anterior,posterior,whole,43,c1,mandibular condyle,other,left,333,c21,mandibular condyle,other,right,,,,,,
28,lm28,mandibular ramus,other,right,anterior,posterior,whole,44,c1,mandibular condyle,other,left,334,c21,mandibular condyle,other,right,,,,,,
29,lm29,angular process,other,right,posterior,posterior,whole,45,c1,mandibular condyle,other,left,335,c21,mandibular condyle,other,right,,,,,,
30,lm30,mandibular foramen,pan,right,posterior,posterior,whole,46,c1,mandibular condyle,other,left,336,c21,mandibular condyle,other,right,,,,,,
31,lm31,mandibular foramen,pan,right,posterior,posterior,whole,47,c2,mandibular condyle,other,left,337,c22,mandibular condyle,other,right,,,,,,
32,lm32,mandibular foramen,pan,right,posterior,posterior,whole,48,c2,mandibular condyle,other,left,338,c22,mandibular condyle,other,right,,,,,,
33,lm33,mandibular symphisis,other,right,anterior,posterior,whole,49,c2,mandibular condyle,other,left,339,c22,mandibular condyle,other,right,,,,,,
34,lm34,mandibular symphisis,other,right,anterior,posterior,whole,50,c2,mandibular condyle,other,left,340,c22,mandibular condyle,other,right,,,,,,
35,lm35,mandibular symphisis,other,right,anterior,posterior,whole,51,c2,mandibular condyle,other,left,341,c22,mandibular condyle,other,right,,,,,,
36,lm36,mandibular symphisis,other,right,anterior,posterior,whole,52,c2,mandibular condyle,other,left,342,c22,mandibular condyle,other,right,,,,,,
37,c1,mandibular condyle,other,left,posterior,posterior,whole,53,c2,mandibular condyle,other,left,343,c22,mandibular condyle,other,right,,,,,,
38,c1,mandibular condyle,other,left,posterior,posterior,whole,54,c2,mandibular condyle,other,left,344,c22,mandibular condyle,other,right,,,,,,
39,c1,mandibular condyle,other,left,posterior,posterior,whole,55,c2,mandibular condyle,other,left,345,c22,mandibular condyle,other,right,,,,,,
40,c1,mandibular condyle,other,left,posterior,posterior,whole,56,c2,mandibular condyle,other,left,346,c22,mandibular condyle,other,right,,,,,,
41,c1,mandibular condyle,other,left,posterior,posterior,whole,57,c3,coronoid process,other,left,347,c23,coronoid process,other,right,,,,,,
42,c1,mandibular condyle,other,left,posterior,posterior,whole,58,c3,coronoid process,other,left,348,c23,coronoid process,other,right,,,,,,
43,c1,mandibular condyle,other,left,posterior,posterior,whole,59,c3,coronoid process,other,left,349,c23,coronoid process,other,right,,,,,,
44,c1,mandibular condyle,other,left,posterior,posterior,whole,60,c3,coronoid process,other,left,350,c23,coronoid process,other,right,,,,,,
45,c1,mandibular condyle,other,left,posterior,posterior,whole,61,c3,coronoid process,other,left,351,c23,coronoid process,other,right,,,,,,
46,c1,mandibular condyle,other,left,posterior,posterior,whole,62,c3,coronoid process,other,left,352,c23,coronoid process,other,right,,,,,,
47,c2,mandibular condyle,other,left,posterior,posterior,whole,63,c3,coronoid process,other,left,353,c23,coronoid process,other,right,,,,,,
48,c2,mandibular condyle,other,left,posterior,posterior,whole,64,c3,coronoid process,other,left,354,c23,coronoid process,other,right,,,,,,
49,c2,mandibular condyle,other,left,posterior,posterior,whole,65,c3,coronoid process,other,left,355,c23,coronoid process,other,right,,,,,,
50,c2,mandibular condyle,other,left,posterior,posterior,whole,66,c3,coronoid process,other,left,356,c23,coronoid process,other,right,,,,,,
51,c2,mandibular condyle,other,left,posterior,posterior,whole,67,c4,coronoid process,other,left,357,c24,coronoid process,other,right,,,,,,
52,c2,mandibular condyle,other,left,posterior,posterior,whole,68,c4,coronoid process,other,left,358,c24,coronoid process,other,right,,,,,,
53,c2,mandibular condyle,other,left,posterior,posterior,whole,69,c4,coronoid process,other,left,359,c24,coronoid process,other,right,,,,,,
54,c2,mandibular condyle,other,left,posterior,posterior,whole,70,c4,coronoid process,other,left,360,c24,coronoid process,other,right,,,,,,
55,c2,mandibular condyle,other,left,posterior,posterior,whole,71,c4,coronoid process,other,left,361,c24,coronoid process,other,right,,,,,,
56,c2,mandibular condyle,other,left,posterior,posterior,whole,72,c5,coronoid process,other,left,362,c25,coronoid process,other,right,,,,,,
57,c3,coronoid process,other,left,posterior,posterior,whole,73,c5,coronoid process,other,left,363,c25,coronoid process,other,right,,,,,,
58,c3,coronoid process,other,left,posterior,posterior,whole,74,c5,coronoid process,other,left,364,c25,coronoid process,other,right,,,,,,
59,c3,coronoid process,other,left,posterior,posterior,whole,75,c5,coronoid process,other,left,365,c25,coronoid process,other,right,,,,,,
60,c3,coronoid process,other,left,posterior,posterior,whole,76,c5,coronoid process,other,left,366,c25,coronoid process,other,right,,,,,,
61,c3,coronoid process,other,left,posterior,posterior,whole,77,c5,coronoid process,other,left,367,c25,coronoid process,other,right,,,,,,
62,c3,coronoid process,other,left,posterior,posterior,whole,78,c5,coronoid process,other,left,368,c25,coronoid process,other,right,,,,,,
63,c3,coronoid process,other,left,posterior,posterior,whole,79,c5,coronoid process,other,left,369,c25,coronoid process,other,right,,,,,,
64,c3,coronoid process,other,left,posterior,posterior,whole,80,c5,coronoid process,other,left,370,c25,coronoid process,other,right,,,,,,
65,c3,coronoid process,other,left,posterior,posterior,whole,81,c5,coronoid process,other,left,371,c25,coronoid process,other,right,,,,,,
66,c3,coronoid process,other,left,posterior,posterior,whole,82,c5,coronoid process,other,left,372,c25,coronoid process,other,right,,,,,,
67,c4,coronoid process,other,left,posterior,posterior,whole,83,c5,coronoid process,other,left,373,c25,coronoid process,other,right,,,,,,
68,c4,coronoid process,other,left,posterior,posterior,whole,84,c5,coronoid process,other,left,374,c25,coronoid process,other,right,,,,,,
69,c4,coronoid process,other,left,posterior,posterior,whole,85,c5,coronoid process,other,left,375,c25,coronoid process,other,right,,,,,,
70,c4,coronoid process,other,left,posterior,posterior,whole,86,c5,coronoid process,other,left,376,c25,coronoid process,other,right,,,,,,
71,c4,coronoid process,other,left,posterior,posterior,whole,87,c6,dentition,other,left,377,c26,dentition,other,right,,,,,,
72,c5,coronoid process,other,left,posterior,posterior,whole,88,c6,dentition,other,left,378,c26,dentition,other,right,,,,,,
73,c5,coronoid process,other,left,posterior,posterior,whole,89,c6,dentition,other,left,379,c26,dentition,other,right,,,,,,
74,c5,coronoid process,other,left,posterior,posterior,whole,90,c6,dentition,other,left,380,c26,dentition,other,right,,,,,,
75,c5,coronoid process,other,left,posterior,posterior,whole,91,c6,dentition,other,left,381,c26,dentition,other,right,,,,,,
76,c5,coronoid process,other,left,posterior,posterior,whole,92,c6,dentition,other,left,382,c26,dentition,other,right,,,,,,
77,c5,coronoid process,other,left,posterior,posterior,whole,93,c6,dentition,other,left,383,c26,dentition,other,right,,,,,,
78,c5,coronoid process,other,left,posterior,posterior,whole,94,c6,dentition,other,left,384,c26,dentition,other,right,,,,,,
79,c5,coronoid process,other,left,posterior,posterior,whole,95,c6,dentition,other,left,385,c26,dentition,other,right,,,,,,
80,c5,coronoid process,other,left,posterior,posterior,whole,96,c6,dentition,other,left,386,c26,dentition,other,right,,,,,,
81,c5,coronoid process,other,left,posterior,posterior,whole,97,c6,dentition,other,left,387,c26,dentition,other,right,,,,,,
82,c5,coronoid process,other,left,posterior,posterior,whole,98,c6,dentition,other,left,388,c26,dentition,other,right,,,,,,
83,c5,coronoid process,other,left,posterior,posterior,whole,99,c6,dentition,other,left,389,c26,dentition,other,right,,,,,,
84,c5,coronoid process,other,left,posterior,posterior,whole,100,c6,dentition,other,left,390,c26,dentition,other,right,,,,,,
85,c5,coronoid process,other,left,posterior,posterior,whole,101,c6,dentition,other,left,391,c26,dentition,other,right,,,,,,
86,c5,coronoid process,other,left,posterior,posterior,whole,102,c6,dentition,other,left,392,c26,dentition,other,right,,,,,,
87,c6,dentition,other,left,anterior,anterior,whole,103,c6,dentition,other,left,393,c26,dentition,other,right,,,,,,
88,c6,dentition,other,left,anterior,anterior,whole,104,c6,dentition,other,left,394,c26,dentition,other,right,,,,,,
89,c6,dentition,other,left,anterior,anterior,whole,105,c6,dentition,other,left,395,c26,dentition,other,right,,,,,,
90,c6,dentition,other,left,anterior,anterior,whole,106,c6,dentition,other,left,396,c26,dentition,other,right,,,,,,
91,c6,dentition,other,left,anterior,anterior,whole,107,c6,dentition,other,left,397,c26,dentition,other,right,,,,,,
92,c6,dentition,other,left,anterior,anterior,whole,108,c6,dentition,other,left,398,c26,dentition,other,right,,,,,,
93,c6,dentition,other,left,anterior,anterior,whole,109,c6,dentition,other,left,399,c26,dentition,other,right,,,,,,
94,c6,dentition,other,left,anterior,anterior,whole,110,c6,dentition,other,left,400,c26,dentition,other,right,,,,,,
95,c6,dentition,other,left,anterior,anterior,whole,111,c6,dentition,other,left,401,c26,dentition,other,right,,,,,,
96,c6,dentition,other,left,anterior,anterior,whole,112,c6,dentition,other,left,402,c26,dentition,other,right,,,,,,
97,c6,dentition,other,left,anterior,anterior,whole,113,c6,dentition,other,left,403,c26,dentition,other,right,,,,,,
98,c6,dentition,other,left,anterior,anterior,whole,114,c6,dentition,other,left,404,c26,dentition,other,right,,,,,,
99,c6,dentition,other,left,anterior,anterior,whole,115,c6,dentition,other,left,405,c26,dentition,other,right,,,,,,
100,c6,dentition,other,left,anterior,anterior,whole,116,c6,dentition,other,left,406,c26,dentition,other,right,,,,,,
101,c6,dentition,other,left,anterior,anterior,whole,117,c6,dentition,other,left,407,c26,dentition,other,right,,,,,,
102,c6,dentition,other,left,anterior,anterior,whole,118,c6,dentition,other,left,408,c26,dentition,other,right,,,,,,
103,c6,dentition,other,left,anterior,anterior,whole,119,c6,dentition,other,left,409,c26,dentition,other,right,,,,,,
104,c6,dentition,other,left,anterior,anterior,whole,120,c6,dentition,other,left,410,c26,dentition,other,right,,,,,,
105,c6,dentition,other,left,anterior,anterior,whole,121,c6,dentition,other,left,411,c26,dentition,other,right,,,,,,
106,c6,dentition,other,left,anterior,anterior,whole,122,c7,dentition,other,left,412,c27,dentition,other,right,,,,,,
107,c6,dentition,other,left,anterior,anterior,whole,123,c7,dentition,other,left,413,c27,dentition,other,right,,,,,,
108,c6,dentition,other,left,anterior,anterior,whole,124,c7,dentition,other,left,414,c27,dentition,other,right,,,,,,
109,c6,dentition,other,left,anterior,anterior,whole,125,c7,dentition,other,left,415,c27,dentition,other,right,,,,,,
110,c6,dentition,other,left,anterior,anterior,whole,126,c7,dentition,other,left,416,c27,dentition,other,right,,,,,,
111,c6,dentition,other,left,anterior,anterior,whole,127,c7,dentition,other,left,417,c27,dentition,other,right,,,,,,
112,c6,dentition,other,left,anterior,anterior,whole,128,c7,dentition,other,left,418,c27,dentition,other,right,,,,,,
113,c6,dentition,other,left,anterior,anterior,whole,129,c7,dentition,other,left,419,c27,dentition,other,right,,,,,,
114,c6,dentition,other,left,anterior,anterior,whole,130,c7,dentition,other,left,420,c27,dentition,other,right,,,,,,
115,c6,dentition,other,left,anterior,anterior,whole,131,c7,dentition,other,left,421,c27,dentition,other,right,,,,,,
116,c6,dentition,other,left,anterior,anterior,whole,132,c7,dentition,other,left,422,c27,dentition,other,right,,,,,,
117,c6,dentition,other,left,anterior,anterior,whole,133,c7,dentition,other,left,423,c27,dentition,other,right,,,,,,
118,c6,dentition,other,left,anterior,anterior,whole,134,c7,dentition,other,left,424,c27,dentition,other,right,,,,,,
119,c6,dentition,other,left,anterior,anterior,whole,135,c7,dentition,other,left,425,c27,dentition,other,right,,,,,,
120,c6,dentition,other,left,anterior,anterior,whole,136,c7,dentition,other,left,426,c27,dentition,other,right,,,,,,
121,c6,dentition,other,left,anterior,anterior,whole,137,c7,dentition,other,left,427,c27,dentition,other,right,,,,,,
122,c7,dentition,other,left,anterior,anterior,whole,138,c7,dentition,other,left,428,c27,dentition,other,right,,,,,,
123,c7,dentition,other,left,anterior,anterior,whole,139,c7,dentition,other,left,429,c27,dentition,other,right,,,,,,
124,c7,dentition,other,left,anterior,anterior,whole,140,c7,dentition,other,left,430,c27,dentition,other,right,,,,,,
125,c7,dentition,other,left,anterior,anterior,whole,141,c7,dentition,other,left,431,c27,dentition,other,right,,,,,,
126,c7,dentition,other,left,anterior,anterior,whole,142,c7,dentition,other,left,432,c27,dentition,other,right,,,,,,
127,c7,dentition,other,left,anterior,anterior,whole,143,c7,dentition,other,left,433,c27,dentition,other,right,,,,,,
128,c7,dentition,other,left,anterior,anterior,whole,144,c7,dentition,other,left,434,c27,dentition,other,right,,,,,,
129,c7,dentition,other,left,anterior,anterior,whole,145,c7,dentition,other,left,435,c27,dentition,other,right,,,,,,
130,c7,dentition,other,left,anterior,anterior,whole,146,c7,dentition,other,left,436,c27,dentition,other,right,,,,,,
131,c7,dentition,other,left,anterior,anterior,whole,147,c7,dentition,other,left,437,c27,dentition,other,right,,,,,,
132,c7,dentition,other,left,anterior,anterior,whole,148,c7,dentition,other,left,438,c27,dentition,other,right,,,,,,
133,c7,dentition,other,left,anterior,anterior,whole,149,c7,dentition,other,left,439,c27,dentition,other,right,,,,,,
134,c7,dentition,other,left,anterior,anterior,whole,150,c7,dentition,other,left,440,c27,dentition,other,right,,,,,,
135,c7,dentition,other,left,anterior,anterior,whole,151,c7,dentition,other,left,441,c27,dentition,other,right,,,,,,
136,c7,dentition,other,left,anterior,anterior,whole,152,c7,dentition,other,left,442,c27,dentition,other,right,,,,,,
137,c7,dentition,other,left,anterior,anterior,whole,153,c7,dentition,other,left,443,c27,dentition,other,right,,,,,,
138,c7,dentition,other,left,anterior,anterior,whole,154,c7,dentition,other,left,444,c27,dentition,other,right,,,,,,
139,c7,dentition,other,left,anterior,anterior,whole,155,c7,dentition,other,left,445,c27,dentition,other,right,,,,,,
140,c7,dentition,other,left,anterior,anterior,whole,156,c7,dentition,other,left,446,c27,dentition,other,right,,,,,,
141,c7,dentition,other,left,anterior,anterior,whole,157,c8,mandibular symphisis,other,left,447,c28,mandibular symphisis,other,right,,,,,,
142,c7,dentition,other,left,anterior,anterior,whole,158,c8,mandibular symphisis,other,left,448,c28,mandibular symphisis,other,right,,,,,,
143,c7,dentition,other,left,anterior,anterior,whole,159,c8,mandibular symphisis,other,left,449,c28,mandibular symphisis,other,right,,,,,,
144,c7,dentition,other,left,anterior,anterior,whole,160,c8,mandibular symphisis,other,left,450,c28,mandibular symphisis,other,right,,,,,,
145,c7,dentition,other,left,anterior,anterior,whole,161,c8,mandibular symphisis,other,left,451,c28,mandibular symphisis,other,right,,,,,,
146,c7,dentition,other,left,anterior,anterior,whole,162,c9,mandibular symphisis,other,left,452,c29,mandibular symphisis,other,right,,,,,,
147,c7,dentition,other,left,anterior,anterior,whole,163,c9,mandibular symphisis,other,left,453,c29,mandibular symphisis,other,right,,,,,,
148,c7,dentition,other,left,anterior,anterior,whole,164,c9,mandibular symphisis,other,left,454,c29,mandibular symphisis,other,right,,,,,,
149,c7,dentition,other,left,anterior,anterior,whole,165,c9,mandibular symphisis,other,left,455,c29,mandibular symphisis,other,right,,,,,,
150,c7,dentition,other,left,anterior,anterior,whole,166,c9,mandibular symphisis,other,left,456,c29,mandibular symphisis,other,right,,,,,,
151,c7,dentition,other,left,anterior,anterior,whole,167,c10,mandibular symphisis,other,left,457,c30,mandibular symphisis,other,right,,,,,,
152,c7,dentition,other,left,anterior,anterior,whole,168,c10,mandibular symphisis,other,left,458,c30,mandibular symphisis,other,right,,,,,,
153,c7,dentition,other,left,anterior,anterior,whole,169,c10,mandibular symphisis,other,left,459,c30,mandibular symphisis,other,right,,,,,,
154,c7,dentition,other,left,anterior,anterior,whole,170,c10,mandibular symphisis,other,left,460,c30,mandibular symphisis,other,right,,,,,,
155,c7,dentition,other,left,anterior,anterior,whole,171,c10,mandibular symphisis,other,left,461,c30,mandibular symphisis,other,right,,,,,,
156,c7,dentition,other,left,anterior,anterior,whole,172,c10,mandibular symphisis,other,left,462,c30,mandibular symphisis,other,right,,,,,,
157,c8,mandibular symphisis,other,left,anterior,anterior,whole,173,c10,mandibular symphisis,other,left,463,c30,mandibular symphisis,other,right,,,,,,
158,c8,mandibular symphisis,other,left,anterior,anterior,whole,174,c10,mandibular symphisis,other,left,464,c30,mandibular symphisis,other,right,,,,,,
159,c8,mandibular symphisis,other,left,anterior,anterior,whole,175,c10,mandibular symphisis,other,left,465,c30,mandibular symphisis,other,right,,,,,,
160,c8,mandibular symphisis,other,left,anterior,anterior,whole,176,c10,mandibular symphisis,other,left,466,c30,mandibular symphisis,other,right,,,,,,
161,c8,mandibular symphisis,other,left,anterior,anterior,whole,177,c11,mandibular symphisis,other,left,467,c31,mandibular symphisis,other,right,,,,,,
162,c9,mandibular symphisis,other,left,anterior,anterior,whole,178,c11,mandibular symphisis,other,left,468,c31,mandibular symphisis,other,right,,,,,,
163,c9,mandibular symphisis,other,left,anterior,anterior,whole,179,c11,mandibular symphisis,other,left,469,c31,mandibular symphisis,other,right,,,,,,
164,c9,mandibular symphisis,other,left,anterior,anterior,whole,180,c11,mandibular symphisis,other,left,470,c31,mandibular symphisis,other,right,,,,,,
165,c9,mandibular symphisis,other,left,anterior,anterior,whole,181,c11,mandibular symphisis,other,left,471,c31,mandibular symphisis,other,right,,,,,,
166,c9,mandibular symphisis,other,left,anterior,anterior,whole,182,c11,mandibular symphisis,other,left,472,c31,mandibular symphisis,other,right,,,,,,
167,c10,mandibular symphisis,other,left,anterior,anterior,whole,183,c11,mandibular symphisis,other,left,473,c31,mandibular symphisis,other,right,,,,,,
168,c10,mandibular symphisis,other,left,anterior,anterior,whole,184,c11,mandibular symphisis,other,left,474,c31,mandibular symphisis,other,right,,,,,,
169,c10,mandibular symphisis,other,left,anterior,anterior,whole,185,c11,mandibular symphisis,other,left,475,c31,mandibular symphisis,other,right,,,,,,
170,c10,mandibular symphisis,other,left,anterior,anterior,whole,186,c11,mandibular symphisis,other,left,476,c31,mandibular symphisis,other,right,,,,,,
171,c10,mandibular symphisis,other,left,anterior,anterior,whole,187,c12,mandibular symphisis,other,left,477,c32,mandibular symphisis,other,right,,,,,,
172,c10,mandibular symphisis,other,left,anterior,anterior,whole,188,c12,mandibular symphisis,other,left,478,c32,mandibular symphisis,other,right,,,,,,
173,c10,mandibular symphisis,other,left,anterior,anterior,whole,189,c12,mandibular symphisis,other,left,479,c32,mandibular symphisis,other,right,,,,,,
174,c10,mandibular symphisis,other,left,anterior,anterior,whole,190,c12,mandibular symphisis,other,left,480,c32,mandibular symphisis,other,right,,,,,,
175,c10,mandibular symphisis,other,left,anterior,anterior,whole,191,c12,mandibular symphisis,other,left,481,c32,mandibular symphisis,other,right,,,,,,
176,c10,mandibular symphisis,other,left,anterior,anterior,whole,192,c12,mandibular symphisis,other,left,482,c32,mandibular symphisis,other,right,,,,,,
177,c11,mandibular symphisis,other,left,anterior,anterior,whole,193,c12,mandibular symphisis,other,left,483,c32,mandibular symphisis,other,right,,,,,,
178,c11,mandibular symphisis,other,left,anterior,anterior,whole,194,c12,mandibular symphisis,other,left,484,c32,mandibular symphisis,other,right,,,,,,
179,c11,mandibular symphisis,other,left,anterior,anterior,whole,195,c12,mandibular symphisis,other,left,485,c32,mandibular symphisis,other,right,,,,,,
180,c11,mandibular symphisis,other,left,anterior,anterior,whole,196,c12,mandibular symphisis,other,left,486,c32,mandibular symphisis,other,right,,,,,,
181,c11,mandibular symphisis,other,left,anterior,anterior,whole,197,c13,mandibular symphisis,other,left,487,c33,mandibular symphisis,other,right,,,,,,
182,c11,mandibular symphisis,other,left,anterior,anterior,whole,198,c13,mandibular symphisis,other,left,488,c33,mandibular symphisis,other,right,,,,,,
183,c11,mandibular symphisis,other,left,anterior,anterior,whole,199,c13,mandibular symphisis,other,left,489,c33,mandibular symphisis,other,right,,,,,,
184,c11,mandibular symphisis,other,left,anterior,anterior,whole,200,c13,mandibular symphisis,other,left,490,c33,mandibular symphisis,other,right,,,,,,
185,c11,mandibular symphisis,other,left,anterior,anterior,whole,201,c13,mandibular symphisis,other,left,491,c33,mandibular symphisis,other,right,,,,,,
186,c11,mandibular symphisis,other,left,anterior,anterior,whole,202,c13,mandibular symphisis,other,left,492,c33,mandibular symphisis,other,right,,,,,,
187,c12,mandibular symphisis,other,left,anterior,anterior,whole,203,c13,mandibular symphisis,other,left,493,c33,mandibular symphisis,other,right,,,,,,
188,c12,mandibular symphisis,other,left,anterior,anterior,whole,204,c13,mandibular symphisis,other,left,494,c33,mandibular symphisis,other,right,,,,,,
189,c12,mandibular symphisis,other,left,anterior,anterior,whole,205,c13,mandibular symphisis,other,left,495,c33,mandibular symphisis,other,right,,,,,,
190,c12,mandibular symphisis,other,left,anterior,anterior,whole,206,c13,mandibular symphisis,other,left,496,c33,mandibular symphisis,other,right,,,,,,
191,c12,mandibular symphisis,other,left,anterior,anterior,whole,207,c14,mandibular symphisis,other,left,497,c34,mandibular symphisis,other,right,,,,,,
192,c12,mandibular symphisis,other,left,anterior,anterior,whole,208,c14,mandibular symphisis,other,left,498,c34,mandibular symphisis,other,right,,,,,,
193,c12,mandibular symphisis,other,left,anterior,anterior,whole,209,c14,mandibular symphisis,other,left,499,c34,mandibular symphisis,other,right,,,,,,
194,c12,mandibular symphisis,other,left,anterior,anterior,whole,210,c14,mandibular symphisis,other,left,500,c34,mandibular symphisis,other,right,,,,,,
195,c12,mandibular symphisis,other,left,anterior,anterior,whole,211,c14,mandibular symphisis,other,left,501,c34,mandibular symphisis,other,right,,,,,,
196,c12,mandibular symphisis,other,left,anterior,anterior,whole,212,c14,mandibular symphisis,other,left,502,c34,mandibular symphisis,other,right,,,,,,
197,c13,mandibular symphisis,other,left,anterior,anterior,whole,213,c14,mandibular symphisis,other,left,503,c34,mandibular symphisis,other,right,,,,,,
198,c13,mandibular symphisis,other,left,anterior,anterior,whole,214,c14,mandibular symphisis,other,left,504,c34,mandibular symphisis,other,right,,,,,,
199,c13,mandibular symphisis,other,left,anterior,anterior,whole,215,c14,mandibular symphisis,other,left,505,c34,mandibular symphisis,other,right,,,,,,
200,c13,mandibular symphisis,other,left,anterior,anterior,whole,216,c14,mandibular symphisis,other,left,506,c34,mandibular symphisis,other,right,,,,,,
201,c13,mandibular symphisis,other,left,anterior,anterior,whole,217,c15,mandibular symphisis,other,left,507,c35,mandibular symphisis,other,right,,,,,,
202,c13,mandibular symphisis,other,left,anterior,anterior,whole,218,c15,mandibular symphisis,other,left,508,c35,mandibular symphisis,other,right,,,,,,
203,c13,mandibular symphisis,other,left,anterior,anterior,whole,219,c15,mandibular symphisis,other,left,509,c35,mandibular symphisis,other,right,,,,,,
204,c13,mandibular symphisis,other,left,anterior,anterior,whole,220,c15,mandibular symphisis,other,left,510,c35,mandibular symphisis,other,right,,,,,,
205,c13,mandibular symphisis,other,left,anterior,anterior,whole,221,c15,mandibular symphisis,other,left,511,c35,mandibular symphisis,other,right,,,,,,
206,c13,mandibular symphisis,other,left,anterior,anterior,whole,222,c15,mandibular symphisis,other,left,512,c35,mandibular symphisis,other,right,,,,,,
207,c14,mandibular symphisis,other,left,anterior,anterior,whole,223,c15,mandibular symphisis,other,left,513,c35,mandibular symphisis,other,right,,,,,,
208,c14,mandibular symphisis,other,left,anterior,anterior,whole,224,c15,mandibular symphisis,other,left,514,c35,mandibular symphisis,other,right,,,,,,
209,c14,mandibular symphisis,other,left,anterior,anterior,whole,225,c15,mandibular symphisis,other,left,515,c35,mandibular symphisis,other,right,,,,,,
210,c14,mandibular symphisis,other,left,anterior,anterior,whole,226,c15,mandibular symphisis,other,left,516,c35,mandibular symphisis,other,right,,,,,,
211,c14,mandibular symphisis,other,left,anterior,anterior,whole,227,c16,mandibular ramus,other,left,517,c36,mandibular ramus,other,right,,,,,,
212,c14,mandibular symphisis,other,left,anterior,anterior,whole,228,c16,mandibular ramus,other,left,518,c36,mandibular ramus,other,right,,,,,,
213,c14,mandibular symphisis,other,left,anterior,anterior,whole,229,c16,mandibular ramus,other,left,519,c36,mandibular ramus,other,right,,,,,,
214,c14,mandibular symphisis,other,left,anterior,anterior,whole,230,c16,mandibular ramus,other,left,520,c36,mandibular ramus,other,right,,,,,,
215,c14,mandibular symphisis,other,left,anterior,anterior,whole,231,c16,mandibular ramus,other,left,521,c36,mandibular ramus,other,right,,,,,,
216,c14,mandibular symphisis,other,left,anterior,anterior,whole,232,c16,mandibular ramus,other,left,522,c36,mandibular ramus,other,right,,,,,,
217,c15,mandibular symphisis,other,left,anterior,anterior,whole,233,c16,mandibular ramus,other,left,523,c36,mandibular ramus,other,right,,,,,,
218,c15,mandibular symphisis,other,left,anterior,anterior,whole,234,c16,mandibular ramus,other,left,524,c36,mandibular ramus,other,right,,,,,,
219,c15,mandibular symphisis,other,left,anterior,anterior,whole,235,c16,mandibular ramus,other,left,525,c36,mandibular ramus,other,right,,,,,,
220,c15,mandibular symphisis,other,left,anterior,anterior,whole,236,c16,mandibular ramus,other,left,526,c36,mandibular ramus,other,right,,,,,,
221,c15,mandibular symphisis,other,left,anterior,anterior,whole,237,c16,mandibular ramus,other,left,527,c36,mandibular ramus,other,right,,,,,,
222,c15,mandibular symphisis,other,left,anterior,anterior,whole,238,c16,mandibular ramus,other,left,528,c36,mandibular ramus,other,right,,,,,,
223,c15,mandibular symphisis,other,left,anterior,anterior,whole,239,c16,mandibular ramus,other,left,529,c36,mandibular ramus,other,right,,,,,,
224,c15,mandibular symphisis,other,left,anterior,anterior,whole,240,c16,mandibular ramus,other,left,530,c36,mandibular ramus,other,right,,,,,,
225,c15,mandibular symphisis,other,left,anterior,anterior,whole,241,c16,mandibular ramus,other,left,531,c36,mandibular ramus,other,right,,,,,,
226,c15,mandibular symphisis,other,left,anterior,anterior,whole,242,c16,mandibular ramus,other,left,532,c36,mandibular ramus,other,right,,,,,,
227,c16,mandibular ramus,other,left,anterior,anterior,whole,243,c16,mandibular ramus,other,left,533,c36,mandibular ramus,other,right,,,,,,
228,c16,mandibular ramus,other,left,anterior,anterior,whole,244,c16,mandibular ramus,other,left,534,c36,mandibular ramus,other,right,,,,,,
229,c16,mandibular ramus,other,left,anterior,anterior,whole,245,c16,mandibular ramus,other,left,535,c36,mandibular ramus,other,right,,,,,,
230,c16,mandibular ramus,other,left,anterior,anterior,whole,246,c16,mandibular ramus,other,left,536,c36,mandibular ramus,other,right,,,,,,
231,c16,mandibular ramus,other,left,anterior,anterior,whole,247,c17,mandibular ramus,other,left,537,c37,mandibular ramus,other,right,,,,,,
232,c16,mandibular ramus,other,left,anterior,anterior,whole,248,c17,mandibular ramus,other,left,538,c37,mandibular ramus,other,right,,,,,,
233,c16,mandibular ramus,other,left,anterior,anterior,whole,249,c17,mandibular ramus,other,left,539,c37,mandibular ramus,other,right,,,,,,
234,c16,mandibular ramus,other,left,anterior,anterior,whole,250,c17,mandibular ramus,other,left,540,c37,mandibular ramus,other,right,,,,,,
235,c16,mandibular ramus,other,left,anterior,anterior,whole,251,c17,mandibular ramus,other,left,541,c37,mandibular ramus,other,right,,,,,,
236,c16,mandibular ramus,other,left,anterior,anterior,whole,252,c17,mandibular ramus,other,left,542,c37,mandibular ramus,other,right,,,,,,
237,c16,mandibular ramus,other,left,anterior,anterior,whole,253,c17,mandibular ramus,other,left,543,c37,mandibular ramus,other,right,,,,,,
238,c16,mandibular ramus,other,left,anterior,anterior,whole,254,c17,mandibular ramus,other,left,544,c37,mandibular ramus,other,right,,,,,,
239,c16,mandibular ramus,other,left,anterior,anterior,whole,255,c17,mandibular ramus,other,left,545,c37,mandibular ramus,other,right,,,,,,
240,c16,mandibular ramus,other,left,anterior,anterior,whole,256,c17,mandibular ramus,other,left,546,c37,mandibular ramus,other,right,,,,,,
241,c16,mandibular ramus,other,left,anterior,anterior,whole,257,c17,mandibular ramus,other,left,547,c37,mandibular ramus,other,right,,,,,,
242,c16,mandibular ramus,other,left,anterior,anterior,whole,258,c17,mandibular ramus,other,left,548,c37,mandibular ramus,other,right,,,,,,
243,c16,mandibular ramus,other,left,anterior,anterior,whole,259,c17,mandibular ramus,other,left,549,c37,mandibular ramus,other,right,,,,,,
244,c16,mandibular ramus,other,left,anterior,anterior,whole,260,c17,mandibular ramus,other,left,550,c37,mandibular ramus,other,right,,,,,,
245,c16,mandibular ramus,other,left,anterior,anterior,whole,261,c17,mandibular ramus,other,left,551,c37,mandibular ramus,other,right,,,,,,
246,c16,mandibular ramus,other,left,anterior,anterior,whole,262,c18,angular process,other,left,552,c38,angular process,other,right,,,,,,
247,c17,mandibular ramus,other,left,posterior,posterior,whole,263,c18,angular process,other,left,553,c38,angular process,other,right,,,,,,
248,c17,mandibular ramus,other,left,posterior,posterior,whole,264,c18,angular process,other,left,554,c38,angular process,other,right,,,,,,
249,c17,mandibular ramus,other,left,posterior,posterior,whole,265,c18,angular process,other,left,555,c38,angular process,other,right,,,,,,
250,c17,mandibular ramus,other,left,posterior,posterior,whole,266,c18,angular process,other,left,556,c38,angular process,other,right,,,,,,
251,c17,mandibular ramus,other,left,posterior,posterior,whole,267,c18,angular process,other,left,557,c38,angular process,other,right,,,,,,
252,c17,mandibular ramus,other,left,posterior,posterior,whole,268,c18,angular process,other,left,558,c38,angular process,other,right,,,,,,
253,c17,mandibular ramus,other,left,posterior,posterior,whole,269,c18,angular process,other,left,559,c38,angular process,other,right,,,,,,
254,c17,mandibular ramus,other,left,posterior,posterior,whole,270,c18,angular process,other,left,560,c38,angular process,other,right,,,,,,
255,c17,mandibular ramus,other,left,posterior,posterior,whole,271,c18,angular process,other,left,561,c38,angular process,other,right,,,,,,
256,c17,mandibular ramus,other,left,posterior,posterior,whole,272,c18,angular process,other,left,562,c38,angular process,other,right,,,,,,
257,c17,mandibular ramus,other,left,posterior,posterior,whole,273,c18,angular process,other,left,563,c38,angular process,other,right,,,,,,
258,c17,mandibular ramus,other,left,posterior,posterior,whole,274,c18,angular process,other,left,564,c38,angular process,other,right,,,,,,
259,c17,mandibular ramus,other,left,posterior,posterior,whole,275,c18,angular process,other,left,565,c38,angular process,other,right,,,,,,
260,c17,mandibular ramus,other,left,posterior,posterior,whole,276,c18,angular process,other,left,566,c38,angular process,other,right,,,,,,
261,c17,mandibular ramus,other,left,posterior,posterior,whole,277,c18,angular process,other,left,567,c38,angular process,other,right,,,,,,
262,c18,angular process,other,left,posterior,posterior,whole,278,c18,angular process,other,left,568,c38,angular process,other,right,,,,,,
263,c18,angular process,other,left,posterior,posterior,whole,279,c18,angular process,other,left,569,c38,angular process,other,right,,,,,,
264,c18,angular process,other,left,posterior,posterior,whole,280,c18,angular process,other,left,570,c38,angular process,other,right,,,,,,
265,c18,angular process,other,left,posterior,posterior,whole,281,c18,angular process,other,left,571,c38,angular process,other,right,,,,,,
266,c18,angular process,other,left,posterior,posterior,whole,282,c18,angular process,other,left,572,c38,angular process,other,right,,,,,,
267,c18,angular process,other,left,posterior,posterior,whole,283,c18,angular process,other,left,573,c38,angular process,other,right,,,,,,
268,c18,angular process,other,left,posterior,posterior,whole,284,c18,angular process,other,left,574,c38,angular process,other,right,,,,,,
269,c18,angular process,other,left,posterior,posterior,whole,285,c18,angular process,other,left,575,c38,angular process,other,right,,,,,,
270,c18,angular process,other,left,posterior,posterior,whole,286,c18,angular process,other,left,576,c38,angular process,other,right,,,,,,
271,c18,angular process,other,left,posterior,posterior,whole,287,c19,mandibular foramen,pan,left,577,c39,mandibular foramen,pan,right,,,,,,
272,c18,angular process,other,left,posterior,posterior,whole,288,c19,mandibular foramen,pan,left,578,c39,mandibular foramen,pan,right,,,,,,
273,c18,angular process,other,left,posterior,posterior,whole,289,c19,mandibular foramen,pan,left,579,c39,mandibular foramen,pan,right,,,,,,
274,c18,angular process,other,left,posterior,posterior,whole,290,c19,mandibular foramen,pan,left,580,c39,mandibular foramen,pan,right,,,,,,
275,c18,angular process,other,left,posterior,posterior,whole,291,c19,mandibular foramen,pan,left,581,c39,mandibular foramen,pan,right,,,,,,
276,c18,angular process,other,left,posterior,posterior,whole,292,c19,mandibular foramen,pan,left,582,c39,mandibular foramen,pan,right,,,,,,
277,c18,angular process,other,left,posterior,posterior,whole,293,c19,mandibular foramen,pan,left,583,c39,mandibular foramen,pan,right,,,,,,
278,c18,angular process,other,left,posterior,posterior,whole,294,c19,mandibular foramen,pan,left,584,c39,mandibular foramen,pan,right,,,,,,
279,c18,angular process,other,left,posterior,posterior,whole,295,c19,mandibular foramen,pan,left,585,c39,mandibular foramen,pan,right,,,,,,
280,c18,angular process,other,left,posterior,posterior,whole,296,c19,mandibular foramen,pan,left,586,c39,mandibular foramen,pan,right,,,,,,
281,c18,angular process,other,left,posterior,posterior,whole,297,c19,mandibular foramen,pan,left,587,c39,mandibular foramen,pan,right,,,,,,
282,c18,angular process,other,left,posterior,posterior,whole,298,c19,mandibular foramen,pan,left,588,c39,mandibular foramen,pan,right,,,,,,
283,c18,angular process,other,left,posterior,posterior,whole,299,c19,mandibular foramen,pan,left,589,c39,mandibular foramen,pan,right,,,,,,
284,c18,angular process,other,left,posterior,posterior,whole,300,c19,mandibular foramen,pan,left,590,c39,mandibular foramen,pan,right,,,,,,
285,c18,angular process,other,left,posterior,posterior,whole,301,c19,mandibular foramen,pan,left,591,c39,mandibular foramen,pan,right,,,,,,
286,c18,angular process,other,left,posterior,posterior,whole,302,c19,mandibular foramen,pan,left,592,c39,mandibular foramen,pan,right,,,,,,
287,c19,mandibular foramen,pan,left,posterior,posterior,whole,303,c19,mandibular foramen,pan,left,593,c39,mandibular foramen,pan,right,,,,,,
288,c19,mandibular foramen,pan,left,posterior,posterior,whole,304,c19,mandibular foramen,pan,left,594,c39,mandibular foramen,pan,right,,,,,,
289,c19,mandibular foramen,pan,left,posterior,posterior,whole,305,c19,mandibular foramen,pan,left,595,c39,mandibular foramen,pan,right,,,,,,
290,c19,mandibular foramen,pan,left,posterior,posterior,whole,306,c19,mandibular foramen,pan,left,596,c39,mandibular foramen,pan,right,,,,,,
291,c19,mandibular foramen,pan,left,posterior,posterior,whole,307,c20,mandibular foramen,pan,left,597,c40,mandibular foramen,pan,right,,,,,,
292,c19,mandibular foramen,pan,left,posterior,posterior,whole,308,c20,mandibular foramen,pan,left,598,c40,mandibular foramen,pan,right,,,,,,
293,c19,mandibular foramen,pan,left,posterior,posterior,whole,309,c20,mandibular foramen,pan,left,599,c40,mandibular foramen,pan,right,,,,,,
294,c19,mandibular foramen,pan,left,posterior,posterior,whole,310,c20,mandibular foramen,pan,left,600,c40,mandibular foramen,pan,right,,,,,,
295,c19,mandibular foramen,pan,left,posterior,posterior,whole,311,c20,mandibular foramen,pan,left,601,c40,mandibular foramen,pan,right,,,,,,
296,c19,mandibular foramen,pan,left,posterior,posterior,whole,312,c20,mandibular foramen,pan,left,602,c40,mandibular foramen,pan,right,,,,,,
297,c19,mandibular foramen,pan,left,posterior,posterior,whole,313,c20,mandibular foramen,pan,left,603,c40,mandibular foramen,pan,right,,,,,,
298,c19,mandibular foramen,pan,left,posterior,posterior,whole,314,c20,mandibular foramen,pan,left,604,c40,mandibular foramen,pan,right,,,,,,
299,c19,mandibular foramen,pan,left,posterior,posterior,whole,315,c20,mandibular foramen,pan,left,605,c40,mandibular foramen,pan,right,,,,,,
300,c19,mandibular foramen,pan,left,posterior,posterior,whole,316,c20,mandibular foramen,pan,left,606,c40,mandibular foramen,pan,right,,,,,,
301,c19,mandibular foramen,pan,left,posterior,posterior,whole,317,c20,mandibular foramen,pan,left,607,c40,mandibular foramen,pan,right,,,,,,
302,c19,mandibular foramen,pan,left,posterior,posterior,whole,318,c20,mandibular foramen,pan,left,608,c40,mandibular foramen,pan,right,,,,,,
303,c19,mandibular foramen,pan,left,posterior,posterior,whole,319,c20,mandibular foramen,pan,left,609,c40,mandibular foramen,pan,right,,,,,,
304,c19,mandibular foramen,pan,left,posterior,posterior,whole,320,c20,mandibular foramen,pan,left,610,c40,mandibular foramen,pan,right,,,,,,
305,c19,mandibular foramen,pan,left,posterior,posterior,whole,321,c20,mandibular foramen,pan,left,611,c40,mandibular foramen,pan,right,,,,,,
306,c19,mandibular foramen,pan,left,posterior,posterior,whole,322,c20,mandibular foramen,pan,left,612,c40,mandibular foramen,pan,right,,,,,,
307,c20,mandibular foramen,pan,left,posterior,posterior,whole,323,c20,mandibular foramen,pan,left,613,c40,mandibular foramen,pan,right,,,,,,
308,c20,mandibular foramen,pan,left,posterior,posterior,whole,324,c20,mandibular foramen,pan,left,614,c40,mandibular foramen,pan,right,,,,,,
309,c20,mandibular foramen,pan,left,posterior,posterior,whole,325,c20,mandibular foramen,pan,left,615,c40,mandibular foramen,pan,right,,,,,,
310,c20,mandibular foramen,pan,left,posterior,posterior,whole,326,c20,mandibular foramen,pan,left,616,c40,mandibular foramen,pan,right,,,,,,
311,c20,mandibular foramen,pan,left,posterior,posterior,whole,,,,,,,,,,,,,,,,
312,c20,mandibular foramen,pan,left,posterior,posterior,whole,,,,,,,,,,,,,,,,
313,c20,mandibular foramen,pan,left,posterior,posterior,whole,,,,,,,,,,,,,,,,
314,c20,mandibular foramen,pan,left,posterior,posterior,whole,,,,,,,,,,,,,,,,
315,c20,mandibular foramen,pan,left,posterior,posterior,whole,,,,,,,,,,,,,,,,
316,c20,mandibular foramen,pan,left,posterior,posterior,whole,,,,,,,,,,,,,,,,
317,c20,mandibular foramen,pan,left,posterior,posterior,whole,,,,,,,,,,,,,,,,
318,c20,mandibular foramen,pan,left,posterior,posterior,whole,,,,,,,,,,,,,,,,
319,c20,mandibular foramen,pan,left,posterior,posterior,whole,,,,,,,,,,,,,,,,
320,c20,mandibular foramen,pan,left,posterior,posterior,whole,,,,,,,,,,,,,,,,
321,c20,mandibular foramen,pan,left,posterior,posterior,whole,,,,,,,,,,,,,,,,
322,c20,mandibular foramen,pan,left,posterior,posterior,whole,,,,,,,,,,,,,,,,
323,c20,mandibular foramen,pan,left,posterior,posterior,whole,,,,,,,,,,,,,,,,
324,c20,mandibular foramen,pan,left,posterior,posterior,whole,,,,,,,,,,,,,,,,
325,c20,mandibular foramen,pan,left,posterior,posterior,whole,,,,,,,,,,,,,,,,
326,c20,mandibular foramen,pan,left,posterior,posterior,whole,,,,,,,,,,,,,,,,
327,c21,mandibular condyle,other,right,posterior,posterior,whole,,,,,,,,,,,,,,,,
328,c21,mandibular condyle,other,right,posterior,posterior,whole,,,,,,,,,,,,,,,,
329,c21,mandibular condyle,other,right,posterior,posterior,whole,,,,,,,,,,,,,,,,
330,c21,mandibular condyle,other,right,posterior,posterior,whole,,,,,,,,,,,,,,,,
331,c21,mandibular condyle,other,right,posterior,posterior,whole,,,,,,,,,,,,,,,,
332,c21,mandibular condyle,other,right,posterior,posterior,whole,,,,,,,,,,,,,,,,
333,c21,mandibular condyle,other,right,posterior,posterior,whole,,,,,,,,,,,,,,,,
334,c21,mandibular condyle,other,right,posterior,posterior,whole,,,,,,,,,,,,,,,,
335,c21,mandibular condyle,other,right,posterior,posterior,whole,,,,,,,,,,,,,,,,
336,c21,mandibular condyle,other,right,posterior,posterior,whole,,,,,,,,,,,,,,,,
337,c22,mandibular condyle,other,right,posterior,posterior,whole,,,,,,,,,,,,,,,,
338,c22,mandibular condyle,other,right,posterior,posterior,whole,,,,,,,,,,,,,,,,
339,c22,mandibular condyle,other,right,posterior,posterior,whole,,,,,,,,,,,,,,,,
340,c22,mandibular condyle,other,right,posterior,posterior,whole,,,,,,,,,,,,,,,,
341,c22,mandibular condyle,other,right,posterior,posterior,whole,,,,,,,,,,,,,,,,
342,c22,mandibular condyle,other,right,posterior,posterior,whole,,,,,,,,,,,,,,,,
343,c22,mandibular condyle,other,right,posterior,posterior,whole,,,,,,,,,,,,,,,,
344,c22,mandibular condyle,other,right,posterior,posterior,whole,,,,,,,,,,,,,,,,
345,c22,mandibular condyle,other,right,posterior,posterior,whole,,,,,,,,,,,,,,,,
346,c22,mandibular condyle,other,right,posterior,posterior,whole,,,,,,,,,,,,,,,,
347,c23,coronoid process,other,right,posterior,posterior,whole,,,,,,,,,,,,,,,,
348,c23,coronoid process,other,right,posterior,posterior,whole,,,,,,,,,,,,,,,,
349,c23,coronoid process,other,right,posterior,posterior,whole,,,,,,,,,,,,,,,,
350,c23,coronoid process,other,right,posterior,posterior,whole,,,,,,,,,,,,,,,,
351,c23,coronoid process,other,right,posterior,posterior,whole,,,,,,,,,,,,,,,,
352,c23,coronoid process,other,right,posterior,posterior,whole,,,,,,,,,,,,,,,,
353,c23,coronoid process,other,right,posterior,posterior,whole,,,,,,,,,,,,,,,,
354,c23,coronoid process,other,right,posterior,posterior,whole,,,,,,,,,,,,,,,,
355,c23,coronoid process,other,right,posterior,posterior,whole,,,,,,,,,,,,,,,,
356,c23,coronoid process,other,right,posterior,posterior,whole,,,,,,,,,,,,,,,,
357,c24,coronoid process,other,right,posterior,posterior,whole,,,,,,,,,,,,,,,,
358,c24,coronoid process,other,right,posterior,posterior,whole,,,,,,,,,,,,,,,,
359,c24,coronoid process,other,right,posterior,posterior,whole,,,,,,,,,,,,,,,,
360,c24,coronoid process,other,right,posterior,posterior,whole,,,,,,,,,,,,,,,,
361,c24,coronoid process,other,right,posterior,posterior,whole,,,,,,,,,,,,,,,,
362,c25,coronoid process,other,right,posterior,posterior,whole,,,,,,,,,,,,,,,,
363,c25,coronoid process,other,right,posterior,posterior,whole,,,,,,,,,,,,,,,,
364,c25,coronoid process,other,right,posterior,posterior,whole,,,,,,,,,,,,,,,,
365,c25,coronoid process,other,right,posterior,posterior,whole,,,,,,,,,,,,,,,,
366,c25,coronoid process,other,right,posterior,posterior,whole,,,,,,,,,,,,,,,,
367,c25,coronoid process,other,right,posterior,posterior,whole,,,,,,,,,,,,,,,,
368,c25,coronoid process,other,right,posterior,posterior,whole,,,,,,,,,,,,,,,,
369,c25,coronoid process,other,right,posterior,posterior,whole,,,,,,,,,,,,,,,,
370,c25,coronoid process,other,right,posterior,posterior,whole,,,,,,,,,,,,,,,,
371,c25,coronoid process,other,right,posterior,posterior,whole,,,,,,,,,,,,,,,,
372,c25,coronoid process,other,right,posterior,posterior,whole,,,,,,,,,,,,,,,,
373,c25,coronoid process,other,right,posterior,posterior,whole,,,,,,,,,,,,,,,,
374,c25,coronoid process,other,right,posterior,posterior,whole,,,,,,,,,,,,,,,,
375,c25,coronoid process,other,right,posterior,posterior,whole,,,,,,,,,,,,,,,,
376,c25,coronoid process,other,right,posterior,posterior,whole,,,,,,,,,,,,,,,,
377,c26,dentition,other,right,anterior,anterior,whole,,,,,,,,,,,,,,,,
378,c26,dentition,other,right,anterior,anterior,whole,,,,,,,,,,,,,,,,
379,c26,dentition,other,right,anterior,anterior,whole,,,,,,,,,,,,,,,,
380,c26,dentition,other,right,anterior,anterior,whole,,,,,,,,,,,,,,,,
381,c26,dentition,other,right,anterior,anterior,whole,,,,,,,,,,,,,,,,
382,c26,dentition,other,right,anterior,anterior,whole,,,,,,,,,,,,,,,,
383,c26,dentition,other,right,anterior,anterior,whole,,,,,,,,,,,,,,,,
384,c26,dentition,other,right,anterior,anterior,whole,,,,,,,,,,,,,,,,
385,c26,dentition,other,right,anterior,anterior,whole,,,,,,,,,,,,,,,,
386,c26,dentition,other,right,anterior,anterior,whole,,,,,,,,,,,,,,,,
387,c26,dentition,other,right,anterior,anterior,whole,,,,,,,,,,,,,,,,
388,c26,dentition,other,right,anterior,anterior,whole,,,,,,,,,,,,,,,,
389,c26,dentition,other,right,anterior,anterior,whole,,,,,,,,,,,,,,,,
390,c26,dentition,other,right,anterior,anterior,whole,,,,,,,,,,,,,,,,
391,c26,dentition,other,right,anterior,anterior,whole,,,,,,,,,,,,,,,,
392,c26,dentition,other,right,anterior,anterior,whole,,,,,,,,,,,,,,,,
393,c26,dentition,other,right,anterior,anterior,whole,,,,,,,,,,,,,,,,
394,c26,dentition,other,right,anterior,anterior,whole,,,,,,,,,,,,,,,,
395,c26,dentition,other,right,anterior,anterior,whole,,,,,,,,,,,,,,,,
396,c26,dentition,other,right,anterior,anterior,whole,,,,,,,,,,,,,,,,
397,c26,dentition,other,right,anterior,anterior,whole,,,,,,,,,,,,,,,,
398,c26,dentition,other,right,anterior,anterior,whole,,,,,,,,,,,,,,,,
399,c26,dentition,other,right,anterior,anterior,whole,,,,,,,,,,,,,,,,
400,c26,dentition,other,right,anterior,anterior,whole,,,,,,,,,,,,,,,,
401,c26,dentition,other,right,anterior,anterior,whole,,,,,,,,,,,,,,,,
402,c26,dentition,other,right,anterior,anterior,whole,,,,,,,,,,,,,,,,
403,c26,dentition,other,right,anterior,anterior,whole,,,,,,,,,,,,,,,,
404,c26,dentition,other,right,anterior,anterior,whole,,,,,,,,,,,,,,,,
405,c26,dentition,other,right,anterior,anterior,whole,,,,,,,,,,,,,,,,
406,c26,dentition,other,right,anterior,anterior,whole,,,,,,,,,,,,,,,,
407,c26,dentition,other,right,anterior,anterior,whole,,,,,,,,,,,,,,,,
408,c26,dentition,other,right,anterior,anterior,whole,,,,,,,,,,,,,,,,
409,c26,dentition,other,right,anterior,anterior,whole,,,,,,,,,,,,,,,,
410,c26,dentition,other,right,anterior,anterior,whole,,,,,,,,,,,,,,,,
411,c26,dentition,other,right,anterior,anterior,whole,,,,,,,,,,,,,,,,
412,c27,dentition,other,right,anterior,anterior,whole,,,,,,,,,,,,,,,,
413,c27,dentition,other,right,anterior,anterior,whole,,,,,,,,,,,,,,,,
414,c27,dentition,other,right,anterior,anterior,whole,,,,,,,,,,,,,,,,
415,c27,dentition,other,right,anterior,anterior,whole,,,,,,,,,,,,,,,,
416,c27,dentition,other,right,anterior,anterior,whole,,,,,,,,,,,,,,,,
417,c27,dentition,other,right,anterior,anterior,whole,,,,,,,,,,,,,,,,
418,c27,dentition,other,right,anterior,anterior,whole,,,,,,,,,,,,,,,,
419,c27,dentition,other,right,anterior,anterior,whole,,,,,,,,,,,,,,,,
420,c27,dentition,other,right,anterior,anterior,whole,,,,,,,,,,,,,,,,
421,c27,dentition,other,right,anterior,anterior,whole,,,,,,,,,,,,,,,,
422,c27,dentition,other,right,anterior,anterior,whole,,,,,,,,,,,,,,,,
423,c27,dentition,other,right,anterior,anterior,whole,,,,,,,,,,,,,,,,
424,c27,dentition,other,right,anterior,anterior,whole,,,,,,,,,,,,,,,,
425,c27,dentition,other,right,anterior,anterior,whole,,,,,,,,,,,,,,,,
426,c27,dentition,other,right,anterior,anterior,whole,,,,,,,,,,,,,,,,
427,c27,dentition,other,right,anterior,anterior,whole,,,,,,,,,,,,,,,,
428,c27,dentition,other,right,anterior,anterior,whole,,,,,,,,,,,,,,,,
429,c27,dentition,other,right,anterior,anterior,whole,,,,,,,,,,,,,,,,
430,c27,dentition,other,right,anterior,anterior,whole,,,,,,,,,,,,,,,,
431,c27,dentition,other,right,anterior,anterior,whole,,,,,,,,,,,,,,,,
432,c27,dentition,other,right,anterior,anterior,whole,,,,,,,,,,,,,,,,
433,c27,dentition,other,right,anterior,anterior,whole,,,,,,,,,,,,,,,,
434,c27,dentition,other,right,anterior,anterior,whole,,,,,,,,,,,,,,,,
435,c27,dentition,other,right,anterior,anterior,whole,,,,,,,,,,,,,,,,
436,c27,dentition,other,right,anterior,anterior,whole,,,,,,,,,,,,,,,,
437,c27,dentition,other,right,anterior,anterior,whole,,,,,,,,,,,,,,,,
438,c27,dentition,other,right,anterior,anterior,whole,,,,,,,,,,,,,,,,
439,c27,dentition,other,right,anterior,anterior,whole,,,,,,,,,,,,,,,,
440,c27,dentition,other,right,anterior,anterior,whole,,,,,,,,,,,,,,,,
441,c27,dentition,other,right,anterior,anterior,whole,,,,,,,,,,,,,,,,
442,c27,dentition,other,right,anterior,anterior,whole,,,,,,,,,,,,,,,,
443,c27,dentition,other,right,anterior,anterior,whole,,,,,,,,,,,,,,,,
444,c27,dentition,other,right,anterior,anterior,whole,,,,,,,,,,,,,,,,
445,c27,dentition,other,right,anterior,anterior,whole,,,,,,,,,,,,,,,,
446,c27,dentition,other,right,anterior,anterior,whole,,,,,,,,,,,,,,,,
447,c28,mandibular symphisis,other,right,anterior,anterior,whole,,,,,,,,,,,,,,,,
448,c28,mandibular symphisis,other,right,anterior,anterior,whole,,,,,,,,,,,,,,,,
449,c28,mandibular symphisis,other,right,anterior,anterior,whole,,,,,,,,,,,,,,,,
450,c28,mandibular symphisis,other,right,anterior,anterior,whole,,,,,,,,,,,,,,,,
451,c28,mandibular symphisis,other,right,anterior,anterior,whole,,,,,,,,,,,,,,,,
452,c29,mandibular symphisis,other,right,anterior,anterior,whole,,,,,,,,,,,,,,,,
453,c29,mandibular symphisis,other,right,anterior,anterior,whole,,,,,,,,,,,,,,,,
454,c29,mandibular symphisis,other,right,anterior,anterior,whole,,,,,,,,,,,,,,,,
455,c29,mandibular symphisis,other,right,anterior,anterior,whole,,,,,,,,,,,,,,,,
456,c29,mandibular symphisis,other,right,anterior,anterior,whole,,,,,,,,,,,,,,,,
457,c30,mandibular symphisis,other,right,anterior,anterior,whole,,,,,,,,,,,,,,,,
458,c30,mandibular symphisis,other,right,anterior,anterior,whole,,,,,,,,,,,,,,,,
459,c30,mandibular symphisis,other,right,anterior,anterior,whole,,,,,,,,,,,,,,,,
460,c30,mandibular symphisis,other,right,anterior,anterior,whole,,,,,,,,,,,,,,,,
461,c30,mandibular symphisis,other,right,anterior,anterior,whole,,,,,,,,,,,,,,,,
462,c30,mandibular symphisis,other,right,anterior,anterior,whole,,,,,,,,,,,,,,,,
463,c30,mandibular symphisis,other,right,anterior,anterior,whole,,,,,,,,,,,,,,,,
464,c30,mandibular symphisis,other,right,anterior,anterior,whole,,,,,,,,,,,,,,,,
465,c30,mandibular symphisis,other,right,anterior,anterior,whole,,,,,,,,,,,,,,,,
466,c30,mandibular symphisis,other,right,anterior,anterior,whole,,,,,,,,,,,,,,,,
467,c31,mandibular symphisis,other,right,anterior,anterior,whole,,,,,,,,,,,,,,,,
468,c31,mandibular symphisis,other,right,anterior,anterior,whole,,,,,,,,,,,,,,,,
469,c31,mandibular symphisis,other,right,anterior,anterior,whole,,,,,,,,,,,,,,,,
470,c31,mandibular symphisis,other,right,anterior,anterior,whole,,,,,,,,,,,,,,,,
471,c31,mandibular symphisis,other,right,anterior,anterior,whole,,,,,,,,,,,,,,,,
472,c31,mandibular symphisis,other,right,anterior,anterior,whole,,,,,,,,,,,,,,,,
473,c31,mandibular symphisis,other,right,anterior,anterior,whole,,,,,,,,,,,,,,,,
474,c31,mandibular symphisis,other,right,anterior,anterior,whole,,,,,,,,,,,,,,,,
475,c31,mandibular symphisis,other,right,anterior,anterior,whole,,,,,,,,,,,,,,,,
476,c31,mandibular symphisis,other,right,anterior,anterior,whole,,,,,,,,,,,,,,,,
477,c32,mandibular symphisis,other,right,anterior,anterior,whole,,,,,,,,,,,,,,,,
478,c32,mandibular symphisis,other,right,anterior,anterior,whole,,,,,,,,,,,,,,,,
479,c32,mandibular symphisis,other,right,anterior,anterior,whole,,,,,,,,,,,,,,,,
480,c32,mandibular symphisis,other,right,anterior,anterior,whole,,,,,,,,,,,,,,,,
481,c32,mandibular symphisis,other,right,anterior,anterior,whole,,,,,,,,,,,,,,,,
482,c32,mandibular symphisis,other,right,anterior,anterior,whole,,,,,,,,,,,,,,,,
483,c32,mandibular symphisis,other,right,anterior,anterior,whole,,,,,,,,,,,,,,,,
484,c32,mandibular symphisis,other,right,anterior,anterior,whole,,,,,,,,,,,,,,,,
485,c32,mandibular symphisis,other,right,anterior,anterior,whole,,,,,,,,,,,,,,,,
486,c32,mandibular symphisis,other,right,anterior,anterior,whole,,,,,,,,,,,,,,,,
487,c33,mandibular symphisis,other,right,anterior,anterior,whole,,,,,,,,,,,,,,,,
488,c33,mandibular symphisis,other,right,anterior,anterior,whole,,,,,,,,,,,,,,,,
489,c33,mandibular symphisis,other,right,anterior,anterior,whole,,,,,,,,,,,,,,,,
490,c33,mandibular symphisis,other,right,anterior,anterior,whole,,,,,,,,,,,,,,,,
491,c33,mandibular symphisis,other,right,anterior,anterior,whole,,,,,,,,,,,,,,,,
492,c33,mandibular symphisis,other,right,anterior,anterior,whole,,,,,,,,,,,,,,,,
493,c33,mandibular symphisis,other,right,anterior,anterior,whole,,,,,,,,,,,,,,,,
494,c33,mandibular symphisis,other,right,anterior,anterior,whole,,,,,,,,,,,,,,,,
495,c33,mandibular symphisis,other,right,anterior,anterior,whole,,,,,,,,,,,,,,,,
496,c33,mandibular symphisis,other,right,anterior,anterior,whole,,,,,,,,,,,,,,,,
497,c34,mandibular symphisis,other,right,anterior,anterior,whole,,,,,,,,,,,,,,,,
498,c34,mandibular symphisis,other,right,anterior,anterior,whole,,,,,,,,,,,,,,,,
499,c34,mandibular symphisis,other,right,anterior,anterior,whole,,,,,,,,,,,,,,,,
500,c34,mandibular symphisis,other,right,anterior,anterior,whole,,,,,,,,,,,,,,,,
501,c34,mandibular symphisis,other,right,anterior,anterior,whole,,,,,,,,,,,,,,,,
502,c34,mandibular symphisis,other,right,anterior,anterior,whole,,,,,,,,,,,,,,,,
503,c34,mandibular symphisis,other,right,anterior,anterior,whole,,,,,,,,,,,,,,,,
504,c34,mandibular symphisis,other,right,anterior,anterior,whole,,,,,,,,,,,,,,,,
505,c34,mandibular symphisis,other,right,anterior,anterior,whole,,,,,,,,,,,,,,,,
506,c34,mandibular symphisis,other,right,anterior,anterior,whole,,,,,,,,,,,,,,,,
507,c35,mandibular symphisis,other,right,anterior,anterior,whole,,,,,,,,,,,,,,,,
508,c35,mandibular symphisis,other,right,anterior,anterior,whole,,,,,,,,,,,,,,,,
509,c35,mandibular symphisis,other,right,anterior,anterior,whole,,,,,,,,,,,,,,,,
510,c35,mandibular symphisis,other,right,anterior,anterior,whole,,,,,,,,,,,,,,,,
511,c35,mandibular symphisis,other,right,anterior,anterior,whole,,,,,,,,,,,,,,,,
512,c35,mandibular symphisis,other,right,anterior,anterior,whole,,,,,,,,,,,,,,,,
513,c35,mandibular symphisis,other,right,anterior,anterior,whole,,,,,,,,,,,,,,,,
514,c35,mandibular symphisis,other,right,anterior,anterior,whole,,,,,,,,,,,,,,,,
515,c35,mandibular symphisis,other,right,anterior,anterior,whole,,,,,,,,,,,,,,,,
516,c35,mandibular symphisis,other,right,anterior,anterior,whole,,,,,,,,,,,,,,,,
517,c36,mandibular ramus,other,right,anterior,anterior,whole,,,,,,,,,,,,,,,,
518,c36,mandibular ramus,other,right,anterior,anterior,whole,,,,,,,,,,,,,,,,
519,c36,mandibular ramus,other,right,anterior,anterior,whole,,,,,,,,,,,,,,,,
520,c36,mandibular ramus,other,right,anterior,anterior,whole,,,,,,,,,,,,,,,,
521,c36,mandibular ramus,other,right,anterior,anterior,whole,,,,,,,,,,,,,,,,
522,c36,mandibular ramus,other,right,anterior,anterior,whole,,,,,,,,,,,,,,,,
523,c36,mandibular ramus,other,right,anterior,anterior,whole,,,,,,,,,,,,,,,,
524,c36,mandibular ramus,other,right,anterior,anterior,whole,,,,,,,,,,,,,,,,
525,c36,mandibular ramus,other,right,anterior,anterior,whole,,,,,,,,,,,,,,,,
526,c36,mandibular ramus,other,right,anterior,anterior,whole,,,,,,,,,,,,,,,,
527,c36,mandibular ramus,other,right,anterior,anterior,whole,,,,,,,,,,,,,,,,
528,c36,mandibular ramus,other,right,anterior,anterior,whole,,,,,,,,,,,,,,,,
529,c36,mandibular ramus,other,right,anterior,anterior,whole,,,,,,,,,,,,,,,,
530,c36,mandibular ramus,other,right,anterior,anterior,whole,,,,,,,,,,,,,,,,
531,c36,mandibular ramus,other,right,anterior,anterior,whole,,,,,,,,,,,,,,,,
532,c36,mandibular ramus,other,right,anterior,anterior,whole,,,,,,,,,,,,,,,,
533,c36,mandibular ramus,other,right,anterior,anterior,whole,,,,,,,,,,,,,,,,
534,c36,mandibular ramus,other,right,anterior,anterior,whole,,,,,,,,,,,,,,,,
535,c36,mandibular ramus,other,right,anterior,anterior,whole,,,,,,,,,,,,,,,,
536,c36,mandibular ramus,other,right,anterior,anterior,whole,,,,,,,,,,,,,,,,
537,c37,mandibular ramus,other,right,posterior,posterior,whole,,,,,,,,,,,,,,,,
538,c37,mandibular ramus,other,right,posterior,posterior,whole,,,,,,,,,,,,,,,,
539,c37,mandibular ramus,other,right,posterior,posterior,whole,,,,,,,,,,,,,,,,
540,c37,mandibular ramus,other,right,posterior,posterior,whole,,,,,,,,,,,,,,,,
541,c37,mandibular ramus,other,right,posterior,posterior,whole,,,,,,,,,,,,,,,,
542,c37,mandibular ramus,other,right,posterior,posterior,whole,,,,,,,,,,,,,,,,
543,c37,mandibular ramus,other,right,posterior,posterior,whole,,,,,,,,,,,,,,,,
544,c37,mandibular ramus,other,right,posterior,posterior,whole,,,,,,,,,,,,,,,,
545,c37,mandibular ramus,other,right,posterior,posterior,whole,,,,,,,,,,,,,,,,
546,c37,mandibular ramus,other,right,posterior,posterior,whole,,,,,,,,,,,,,,,,
547,c37,mandibular ramus,other,right,posterior,posterior,whole,,,,,,,,,,,,,,,,
548,c37,mandibular ramus,other,right,posterior,posterior,whole,,,,,,,,,,,,,,,,
549,c37,mandibular ramus,other,right,posterior,posterior,whole,,,,,,,,,,,,,,,,
550,c37,mandibular ramus,other,right,posterior,posterior,whole,,,,,,,,,,,,,,,,
551,c37,mandibular ramus,other,right,posterior,posterior,whole,,,,,,,,,,,,,,,,
552,c38,angular process,other,right,posterior,posterior,whole,,,,,,,,,,,,,,,,
553,c38,angular process,other,right,posterior,posterior,whole,,,,,,,,,,,,,,,,
554,c38,angular process,other,right,posterior,posterior,whole,,,,,,,,,,,,,,,,
555,c38,angular process,other,right,posterior,posterior,whole,,,,,,,,,,,,,,,,
556,c38,angular process,other,right,posterior,posterior,whole,,,,,,,,,,,,,,,,
557,c38,angular process,other,right,posterior,posterior,whole,,,,,,,,,,,,,,,,
558,c38,angular process,other,right,posterior,posterior,whole,,,,,,,,,,,,,,,,
559,c38,angular process,other,right,posterior,posterior,whole,,,,,,,,,,,,,,,,
560,c38,angular process,other,right,posterior,posterior,whole,,,,,,,,,,,,,,,,
561,c38,angular process,other,right,posterior,posterior,whole,,,,,,,,,,,,,,,,
562,c38,angular process,other,right,posterior,posterior,whole,,,,,,,,,,,,,,,,
563,c38,angular process,other,right,posterior,posterior,whole,,,,,,,,,,,,,,,,
564,c38,angular process,other,right,posterior,posterior,whole,,,,,,,,,,,,,,,,
565,c38,angular process,other,right,posterior,posterior,whole,,,,,,,,,,,,,,,,
566,c38,angular process,other,right,posterior,posterior,whole,,,,,,,,,,,,,,,,
567,c38,angular process,other,right,posterior,posterior,whole,,,,,,,,,,,,,,,,
568,c38,angular process,other,right,posterior,posterior,whole,,,,,,,,,,,,,,,,
569,c38,angular process,other,right,posterior,posterior,whole,,,,,,,,,,,,,,,,
570,c38,angular process,other,right,posterior,posterior,whole,,,,,,,,,,,,,,,,
571,c38,angular process,other,right,posterior,posterior,whole,,,,,,,,,,,,,,,,
572,c38,angular process,other,right,posterior,posterior,whole,,,,,,,,,,,,,,,,
573,c38,angular process,other,right,posterior,posterior,whole,,,,,,,,,,,,,,,,
574,c38,angular process,other,right,posterior,posterior,whole,,,,,,,,,,,,,,,,
575,c38,angular process,other,right,posterior,posterior,whole,,,,,,,,,,,,,,,,
576,c38,angular process,other,right,posterior,posterior,whole,,,,,,,,,,,,,,,,
577,c39,mandibular foramen,pan,right,posterior,posterior,whole,,,,,,,,,,,,,,,,
578,c39,mandibular foramen,pan,right,posterior,posterior,whole,,,,,,,,,,,,,,,,
579,c39,mandibular foramen,pan,right,posterior,posterior,whole,,,,,,,,,,,,,,,,
580,c39,mandibular foramen,pan,right,posterior,posterior,whole,,,,,,,,,,,,,,,,
581,c39,mandibular foramen,pan,right,posterior,posterior,whole,,,,,,,,,,,,,,,,
582,c39,mandibular foramen,pan,right,posterior,posterior,whole,,,,,,,,,,,,,,,,
583,c39,mandibular foramen,pan,right,posterior,posterior,whole,,,,,,,,,,,,,,,,
584,c39,mandibular foramen,pan,right,posterior,posterior,whole,,,,,,,,,,,,,,,,
585,c39,mandibular foramen,pan,right,posterior,posterior,whole,,,,,,,,,,,,,,,,
586,c39,mandibular foramen,pan,right,posterior,posterior,whole,,,,,,,,,,,,,,,,
587,c39,mandibular foramen,pan,right,posterior,posterior,whole,,,,,,,,,,,,,,,,
588,c39,mandibular foramen,pan,right,posterior,posterior,whole,,,,,,,,,,,,,,,,
589,c39,mandibular foramen,pan,right,posterior,posterior,whole,,,,,,,,,,,,,,,,
590,c39,mandibular foramen,pan,right,posterior,posterior,whole,,,,,,,,,,,,,,,,
591,c39,mandibular foramen,pan,right,posterior,posterior,whole,,,,,,,,,,,,,,,,
592,c39,mandibular foramen,pan,right,posterior,posterior,whole,,,,,,,,,,,,,,,,
593,c39,mandibular foramen,pan,right,posterior,posterior,whole,,,,,,,,,,,,,,,,
594,c39,mandibular foramen,pan,right,posterior,posterior,whole,,,,,,,,,,,,,,,,
595,c39,mandibular foramen,pan,right,posterior,posterior,whole,,,,,,,,,,,,,,,,
596,c39,mandibular foramen,pan,right,posterior,posterior,whole,,,,,,,,,,,,,,,,
597,c40,mandibular foramen,pan,right,posterior,posterior,whole,,,,,,,,,,,,,,,,
598,c40,mandibular foramen,pan,right,posterior,posterior,whole,,,,,,,,,,,,,,,,
599,c40,mandibular foramen,pan,right,posterior,posterior,whole,,,,,,,,,,,,,,,,
600,c40,mandibular foramen,pan,right,posterior,posterior,whole,,,,,,,,,,,,,,,,
601,c40,mandibular foramen,pan,right,posterior,posterior,whole,,,,,,,,,,,,,,,,
602,c40,mandibular foramen,pan,right,posterior,posterior,whole,,,,,,,,,,,,,,,,
603,c40,mandibular foramen,pan,right,posterior,posterior,whole,,,,,,,,,,,,,,,,
604,c40,mandibular foramen,pan,right,posterior,posterior,whole,,,,,,,,,,,,,,,,
605,c40,mandibular foramen,pan,right,posterior,posterior,whole,,,,,,,,,,,,,,,,
606,c40,mandibular foramen,pan,right,posterior,posterior,whole,,,,,,,,,,,,,,,,
607,c40,mandibular foramen,pan,right,posterior,posterior,whole,,,,,,,,,,,,,,,,
608,c40,mandibular foramen,pan,right,posterior,posterior,whole,,,,,,,,,,,,,,,,
609,c40,mandibular foramen,pan,right,posterior,posterior,whole,,,,,,,,,,,,,,,,
610,c40,mandibular foramen,pan,right,posterior,posterior,whole,,,,,,,,,,,,,,,,
611,c40,mandibular foramen,pan,right,posterior,posterior,whole,,,,,,,,,,,,,,,,
612,c40,mandibular foramen,pan,right,posterior,posterior,whole,,,,,,,,,,,,,,,,
613,c40,mandibular foramen,pan,right,posterior,posterior,whole,,,,,,,,,,,,,,,,
614,c40,mandibular foramen,pan,right,posterior,posterior,whole,,,,,,,,,,,,,,,,
615,c40,mandibular foramen,pan,right,posterior,posterior,whole,,,,,,,,,,,,,,,,
616,c40,mandibular foramen,pan,right,posterior,posterior,whole,,,,,,,,,,,,,,,,
617,p1,left_1,other,left,anterior,anterior,whole,,,,,,,,,,,,,,,,
618,p1,left_1,other,left,anterior,anterior,whole,,,,,,,,,,,,,,,,
619,p1,left_1,other,left,anterior,anterior,whole,,,,,,,,,,,,,,,,
620,p1,left_1,other,left,anterior,anterior,whole,,,,,,,,,,,,,,,,
621,p1,left_1,other,left,anterior,anterior,whole,,,,,,,,,,,,,,,,
622,p1,left_1,other,left,anterior,anterior,whole,,,,,,,,,,,,,,,,
623,p1,left_1,other,left,anterior,anterior,whole,,,,,,,,,,,,,,,,
624,p1,left_1,other,left,anterior,anterior,whole,,,,,,,,,,,,,,,,
625,p1,left_1,other,left,anterior,anterior,whole,,,,,,,,,,,,,,,,
626,p1,left_1,other,left,anterior,anterior,whole,,,,,,,,,,,,,,,,
627,p1,left_1,other,left,anterior,anterior,whole,,,,,,,,,,,,,,,,
628,p1,left_1,other,left,anterior,anterior,whole,,,,,,,,,,,,,,,,
629,p1,left_1,other,left,anterior,anterior,whole,,,,,,,,,,,,,,,,
630,p1,left_1,other,left,anterior,anterior,whole,,,,,,,,,,,,,,,,
631,p1,left_1,other,left,anterior,anterior,whole,,,,,,,,,,,,,,,,
632,p1,left_1,other,left,anterior,anterior,whole,,,,,,,,,,,,,,,,
633,p1,left_1,other,left,anterior,anterior,whole,,,,,,,,,,,,,,,,
634,p1,left_1,other,left,anterior,anterior,whole,,,,,,,,,,,,,,,,
635,p1,left_1,other,left,anterior,anterior,whole,,,,,,,,,,,,,,,,
636,p1,left_1,other,left,anterior,anterior,whole,,,,,,,,,,,,,,,,
637,p1,left_1,other,left,anterior,anterior,whole,,,,,,,,,,,,,,,,
638,p1,left_1,other,left,anterior,anterior,whole,,,,,,,,,,,,,,,,
639,p1,left_1,other,left,anterior,anterior,whole,,,,,,,,,,,,,,,,
640,p1,left_1,other,left,anterior,anterior,whole,,,,,,,,,,,,,,,,
641,p1,left_1,other,left,anterior,anterior,whole,,,,,,,,,,,,,,,,
642,p1,left_1,other,left,anterior,anterior,whole,,,,,,,,,,,,,,,,
643,p1,left_1,other,left,anterior,anterior,whole,,,,,,,,,,,,,,,,
644,p1,left_1,other,left,anterior,anterior,whole,,,,,,,,,,,,,,,,
645,p1,left_1,other,left,anterior,anterior,whole,,,,,,,,,,,,,,,,
646,p1,left_1,other,left,anterior,anterior,whole,,,,,,,,,,,,,,,,
647,p1,left_1,other,left,anterior,anterior,whole,,,,,,,,,,,,,,,,
648,p1,left_1,other,left,anterior,anterior,whole,,,,,,,,,,,,,,,,
649,p1,left_1,other,left,anterior,anterior,whole,,,,,,,,,,,,,,,,
650,p1,left_1,other,left,anterior,anterior,whole,,,,,,,,,,,,,,,,
651,p1,left_1,other,left,posterior,posterior,whole,,,,,,,,,,,,,,,,
652,p1,left_1,other,left,posterior,posterior,whole,,,,,,,,,,,,,,,,
653,p1,left_1,other,left,posterior,posterior,whole,,,,,,,,,,,,,,,,
654,p1,left_1,other,left,posterior,posterior,whole,,,,,,,,,,,,,,,,
655,p1,left_1,other,left,posterior,posterior,whole,,,,,,,,,,,,,,,,
656,p1,left_1,other,left,posterior,posterior,whole,,,,,,,,,,,,,,,,
657,p1,left_1,other,left,posterior,posterior,whole,,,,,,,,,,,,,,,,
658,p1,left_1,other,left,posterior,posterior,whole,,,,,,,,,,,,,,,,
659,p1,left_1,other,left,posterior,posterior,whole,,,,,,,,,,,,,,,,
660,p1,left_1,other,left,posterior,posterior,whole,,,,,,,,,,,,,,,,
661,p1,left_1,other,left,posterior,posterior,whole,,,,,,,,,,,,,,,,
662,p1,left_1,other,left,posterior,posterior,whole,,,,,,,,,,,,,,,,
663,p1,left_1,other,left,posterior,posterior,whole,,,,,,,,,,,,,,,,
664,p1,left_1,other,left,posterior,posterior,whole,,,,,,,,,,,,,,,,
665,p1,left_1,other,left,posterior,posterior,whole,,,,,,,,,,,,,,,,
666,p1,left_1,other,left,posterior,posterior,whole,,,,,,,,,,,,,,,,
667,p1,left_1,other,left,posterior,posterior,whole,,,,,,,,,,,,,,,,
668,p1,left_1,other,left,posterior,posterior,whole,,,,,,,,,,,,,,,,
669,p1,left_1,other,left,posterior,posterior,whole,,,,,,,,,,,,,,,,
670,p1,left_1,other,left,posterior,posterior,whole,,,,,,,,,,,,,,,,
671,p1,left_1,other,left,posterior,posterior,whole,,,,,,,,,,,,,,,,
672,p1,left_1,other,left,posterior,posterior,whole,,,,,,,,,,,,,,,,
673,p1,left_1,other,left,posterior,posterior,whole,,,,,,,,,,,,,,,,
674,p1,left_1,other,left,posterior,posterior,whole,,,,,,,,,,,,,,,,
675,p1,left_1,other,left,posterior,posterior,whole,,,,,,,,,,,,,,,,
676,p1,left_1,other,left,posterior,posterior,whole,,,,,,,,,,,,,,,,
677,p1,left_1,other,left,posterior,posterior,whole,,,,,,,,,,,,,,,,
678,p1,left_1,other,left,posterior,posterior,whole,,,,,,,,,,,,,,,,
679,p1,left_1,other,left,posterior,posterior,whole,,,,,,,,,,,,,,,,
680,p1,left_1,other,left,posterior,posterior,whole,,,,,,,,,,,,,,,,
681,p1,left_1,other,left,posterior,posterior,whole,,,,,,,,,,,,,,,,
682,p2,left_2,other,right,anterior,anterior,whole,,,,,,,,,,,,,,,,
683,p2,left_2,other,right,anterior,anterior,whole,,,,,,,,,,,,,,,,
684,p2,left_2,other,right,anterior,anterior,whole,,,,,,,,,,,,,,,,
685,p2,left_2,other,right,anterior,anterior,whole,,,,,,,,,,,,,,,,
686,p2,left_2,other,right,anterior,anterior,whole,,,,,,,,,,,,,,,,
687,p2,left_2,other,right,anterior,anterior,whole,,,,,,,,,,,,,,,,
688,p2,left_2,other,right,anterior,anterior,whole,,,,,,,,,,,,,,,,
689,p2,left_2,other,right,anterior,anterior,whole,,,,,,,,,,,,,,,,
690,p2,left_2,other,right,anterior,anterior,whole,,,,,,,,,,,,,,,,
691,p2,left_2,other,right,anterior,anterior,whole,,,,,,,,,,,,,,,,
692,p2,left_2,other,right,anterior,anterior,whole,,,,,,,,,,,,,,,,
693,p2,left_2,other,right,anterior,anterior,whole,,,,,,,,,,,,,,,,
694,p2,left_2,other,right,anterior,anterior,whole,,,,,,,,,,,,,,,,
695,p2,left_2,other,right,anterior,anterior,whole,,,,,,,,,,,,,,,,
696,p2,left_2,other,right,anterior,anterior,whole,,,,,,,,,,,,,,,,
697,p2,left_2,other,right,anterior,anterior,whole,,,,,,,,,,,,,,,,
698,p2,left_2,other,right,anterior,anterior,whole,,,,,,,,,,,,,,,,
699,p2,left_2,other,right,anterior,anterior,whole,,,,,,,,,,,,,,,,
700,p2,left_2,other,right,anterior,anterior,whole,,,,,,,,,,,,,,,,
701,p2,left_2,other,right,anterior,anterior,whole,,,,,,,,,,,,,,,,
702,p2,left_2,other,right,anterior,anterior,whole,,,,,,,,,,,,,,,,
703,p2,left_2,other,right,anterior,anterior,whole,,,,,,,,,,,,,,,,
704,p2,left_2,other,right,anterior,anterior,whole,,,,,,,,,,,,,,,,
705,p2,left_2,other,right,anterior,anterior,whole,,,,,,,,,,,,,,,,
706,p2,left_2,other,right,anterior,anterior,whole,,,,,,,,,,,,,,,,
707,p2,left_2,other,right,anterior,anterior,whole,,,,,,,,,,,,,,,,
708,p2,left_2,other,right,anterior,anterior,whole,,,,,,,,,,,,,,,,
709,p2,left_2,other,right,anterior,anterior,whole,,,,,,,,,,,,,,,,
710,p2,left_2,other,right,anterior,anterior,whole,,,,,,,,,,,,,,,,
711,p2,left_2,other,right,anterior,anterior,whole,,,,,,,,,,,,,,,,
712,p2,left_2,other,right,anterior,anterior,whole,,,,,,,,,,,,,,,,
713,p2,left_2,other,right,anterior,anterior,whole,,,,,,,,,,,,,,,,
714,p2,left_2,other,right,anterior,anterior,whole,,,,,,,,,,,,,,,,
715,p2,left_2,other,right,anterior,anterior,whole,,,,,,,,,,,,,,,,
716,p2,left_2,other,right,anterior,anterior,whole,,,,,,,,,,,,,,,,
717,p2,left_2,other,right,anterior,anterior,whole,,,,,,,,,,,,,,,,
718,p2,left_2,other,right,anterior,anterior,whole,,,,,,,,,,,,,,,,
719,p2,left_2,other,right,posterior,posterior,whole,,,,,,,,,,,,,,,,
720,p2,left_2,other,right,posterior,posterior,whole,,,,,,,,,,,,,,,,
721,p2,left_2,other,right,posterior,posterior,whole,,,,,,,,,,,,,,,,
722,p2,left_2,other,right,posterior,posterior,whole,,,,,,,,,,,,,,,,
723,p2,left_2,other,right,posterior,posterior,whole,,,,,,,,,,,,,,,,
724,p2,left_2,other,right,posterior,posterior,whole,,,,,,,,,,,,,,,,
725,p2,left_2,other,right,posterior,posterior,whole,,,,,,,,,,,,,,,,
726,p2,left_2,other,right,posterior,posterior,whole,,,,,,,,,,,,,,,,
727,p2,right pan,pan,right,posterior,posterior,whole,,,,,,,,,,,,,,,,
728,p2,right pan,pan,right,posterior,posterior,whole,,,,,,,,,,,,,,,,
729,p2,left_2,other,right,posterior,posterior,whole,,,,,,,,,,,,,,,,
730,p2,left_2,other,right,posterior,posterior,whole,,,,,,,,,,,,,,,,
731,p2,right pan,pan,right,posterior,posterior,whole,,,,,,,,,,,,,,,,
732,p2,right pan,pan,right,posterior,posterior,whole,,,,,,,,,,,,,,,,
733,p2,left_2,other,right,posterior,posterior,whole,,,,,,,,,,,,,,,,
734,p2,left_2,other,right,posterior,posterior,whole,,,,,,,,,,,,,,,,
735,p2,right pan,pan,right,posterior,posterior,whole,,,,,,,,,,,,,,,,
736,p2,right pan,pan,right,posterior,posterior,whole,,,,,,,,,,,,,,,,
737,p2,right pan,pan,right,posterior,posterior,whole,,,,,,,,,,,,,,,,
738,p2,right pan,pan,right,posterior,posterior,whole,,,,,,,,,,,,,,,,
739,p2,right pan,pan,right,posterior,posterior,whole,,,,,,,,,,,,,,,,
740,p2,right pan,pan,right,posterior,posterior,whole,,,,,,,,,,,,,,,,
741,p2,right pan,pan,right,posterior,posterior,whole,,,,,,,,,,,,,,,,
742,p2,right pan,pan,right,posterior,posterior,whole,,,,,,,,,,,,,,,,
743,p2,right pan,pan,right,posterior,posterior,whole,,,,,,,,,,,,,,,,
744,p2,right pan,pan,right,posterior,posterior,whole,,,,,,,,,,,,,,,,
745,p2,right pan,pan,right,posterior,posterior,whole,,,,,,,,,,,,,,,,
746,p2,right pan,pan,right,posterior,posterior,whole,,,,,,,,,,,,,,,,
747,p2,right pan,pan,right,posterior,posterior,whole,,,,,,,,,,,,,,,,
748,p2,right pan,pan,right,posterior,posterior,whole,,,,,,,,,,,,,,,,
749,p2,right pan,pan,right,posterior,posterior,whole,,,,,,,,,,,,,,,,
750,p2,right pan,pan,right,posterior,posterior,whole,,,,,,,,,,,,,,,,
751,p2,right pan,pan,right,posterior,posterior,whole,,,,,,,,,,,,,,,,
752,p2,right pan,pan,right,posterior,posterior,whole,,,,,,,,,,,,,,,,
753,p2,right pan,pan,right,posterior,posterior,whole,,,,,,,,,,,,,,,,
754,p2,right pan,pan,right,posterior,posterior,whole,,,,,,,,,,,,,,,,
755,p2,right pan,pan,right,posterior,posterior,whole,,,,,,,,,,,,,,,,
756,p3,right pan,pan,right,posterior,posterior,whole,,,,,,,,,,,,,,,,
757,p3,right_1,other,left,anterior,anterior,whole,,,,,,,,,,,,,,,,
758,p3,right_1,other,left,anterior,anterior,whole,,,,,,,,,,,,,,,,
759,p3,right_1,other,left,anterior,anterior,whole,,,,,,,,,,,,,,,,
760,p3,right_1,other,left,anterior,anterior,whole,,,,,,,,,,,,,,,,
761,p3,right_1,other,left,anterior,anterior,whole,,,,,,,,,,,,,,,,
762,p3,right_1,other,left,anterior,anterior,whole,,,,,,,,,,,,,,,,
763,p3,right_1,other,left,anterior,anterior,whole,,,,,,,,,,,,,,,,
764,p3,right_1,other,left,anterior,anterior,whole,,,,,,,,,,,,,,,,
765,p3,right_1,other,left,anterior,anterior,whole,,,,,,,,,,,,,,,,
766,p3,right_1,other,left,anterior,anterior,whole,,,,,,,,,,,,,,,,
767,p3,right_1,other,left,anterior,anterior,whole,,,,,,,,,,,,,,,,
768,p3,right_1,other,left,anterior,anterior,whole,,,,,,,,,,,,,,,,
769,p3,right_1,other,left,anterior,anterior,whole,,,,,,,,,,,,,,,,
770,p3,right_1,other,left,anterior,anterior,whole,,,,,,,,,,,,,,,,
771,p3,right_1,other,left,anterior,anterior,whole,,,,,,,,,,,,,,,,
772,p3,right_1,other,left,anterior,anterior,whole,,,,,,,,,,,,,,,,
773,p3,right_1,other,left,anterior,anterior,whole,,,,,,,,,,,,,,,,
774,p3,right_1,other,left,anterior,anterior,whole,,,,,,,,,,,,,,,,
775,p3,right_1,other,left,anterior,anterior,whole,,,,,,,,,,,,,,,,
776,p3,right_1,other,left,anterior,anterior,whole,,,,,,,,,,,,,,,,
777,p3,right_1,other,left,anterior,anterior,whole,,,,,,,,,,,,,,,,
778,p3,right_1,other,left,anterior,anterior,whole,,,,,,,,,,,,,,,,
779,p3,right_1,other,left,anterior,anterior,whole,,,,,,,,,,,,,,,,
780,p3,right_1,other,left,anterior,anterior,whole,,,,,,,,,,,,,,,,
781,p3,right_1,other,left,anterior,anterior,whole,,,,,,,,,,,,,,,,
782,p3,right_1,other,left,anterior,anterior,whole,,,,,,,,,,,,,,,,
783,p3,right_1,other,left,anterior,anterior,whole,,,,,,,,,,,,,,,,
784,p3,right_1,other,left,anterior,anterior,whole,,,,,,,,,,,,,,,,
785,p3,right_1,other,left,anterior,anterior,whole,,,,,,,,,,,,,,,,
786,p3,right_1,other,left,anterior,anterior,whole,,,,,,,,,,,,,,,,
787,p3,right_1,other,left,anterior,anterior,whole,,,,,,,,,,,,,,,,
788,p3,right_1,other,left,anterior,anterior,whole,,,,,,,,,,,,,,,,
789,p3,right_1,other,left,anterior,anterior,whole,,,,,,,,,,,,,,,,
790,p3,right_1,other,left,anterior,anterior,whole,,,,,,,,,,,,,,,,
791,p3,right_1,other,left,anterior,anterior,whole,,,,,,,,,,,,,,,,
792,p3,right_1,other,left,anterior,anterior,whole,,,,,,,,,,,,,,,,
793,p3,right_1,other,left,anterior,anterior,whole,,,,,,,,,,,,,,,,
794,p3,right_1,other,left,anterior,anterior,whole,,,,,,,,,,,,,,,,
795,p3,right_1,other,left,anterior,anterior,whole,,,,,,,,,,,,,,,,
796,p3,right_1,other,left,anterior,anterior,whole,,,,,,,,,,,,,,,,
797,p3,right_1,other,left,posterior,posterior,whole,,,,,,,,,,,,,,,,
798,p3,right_1,other,left,posterior,posterior,whole,,,,,,,,,,,,,,,,
799,p3,right_1,other,left,posterior,posterior,whole,,,,,,,,,,,,,,,,
800,p3,right_1,other,left,posterior,posterior,whole,,,,,,,,,,,,,,,,
801,p3,right_1,other,left,posterior,posterior,whole,,,,,,,,,,,,,,,,
802,p3,right_1,other,left,posterior,posterior,whole,,,,,,,,,,,,,,,,
803,p3,right_1,other,left,posterior,posterior,whole,,,,,,,,,,,,,,,,
804,p3,right_1,other,left,posterior,posterior,whole,,,,,,,,,,,,,,,,
805,p3,left pan,pan,left,posterior,posterior,whole,,,,,,,,,,,,,,,,
806,p3,right_1,other,left,posterior,posterior,whole,,,,,,,,,,,,,,,,
807,p3,right_1,other,left,posterior,posterior,whole,,,,,,,,,,,,,,,,
808,p3,right_1,other,left,posterior,posterior,whole,,,,,,,,,,,,,,,,
809,p3,left pan,pan,left,posterior,posterior,whole,,,,,,,,,,,,,,,,
810,p3,left pan,pan,left,posterior,posterior,whole,,,,,,,,,,,,,,,,
811,p3,left pan,pan,left,posterior,posterior,whole,,,,,,,,,,,,,,,,
812,p3,right_1,other,left,posterior,posterior,whole,,,,,,,,,,,,,,,,
813,p3,left pan,pan,left,posterior,posterior,whole,,,,,,,,,,,,,,,,
814,p3,left pan,pan,left,posterior,posterior,whole,,,,,,,,,,,,,,,,
815,p3,left pan,pan,left,posterior,posterior,whole,,,,,,,,,,,,,,,,
816,p3,right_1,other,left,posterior,posterior,whole,,,,,,,,,,,,,,,,
817,p3,left pan,pan,left,posterior,posterior,whole,,,,,,,,,,,,,,,,
818,p3,left pan,pan,left,posterior,posterior,whole,,,,,,,,,,,,,,,,
819,p3,left pan,pan,left,posterior,posterior,whole,,,,,,,,,,,,,,,,
820,p3,left pan,pan,left,posterior,posterior,whole,,,,,,,,,,,,,,,,
821,p3,left pan,pan,left,posterior,posterior,whole,,,,,,,,,,,,,,,,
822,p3,left pan,pan,left,posterior,posterior,whole,,,,,,,,,,,,,,,,
823,p3,left pan,pan,left,posterior,posterior,whole,,,,,,,,,,,,,,,,
824,p3,left pan,pan,left,posterior,posterior,whole,,,,,,,,,,,,,,,,
825,p3,left pan,pan,left,posterior,posterior,whole,,,,,,,,,,,,,,,,
826,p3,left pan,pan,left,posterior,posterior,whole,,,,,,,,,,,,,,,,
827,p3,left pan,pan,left,posterior,posterior,whole,,,,,,,,,,,,,,,,
828,p3,left pan,pan,left,posterior,posterior,whole,,,,,,,,,,,,,,,,
829,p3,left pan,pan,left,posterior,posterior,whole,,,,,,,,,,,,,,,,
830,p3,left pan,pan,left,posterior,posterior,whole,,,,,,,,,,,,,,,,
831,p4,left pan,pan,left,posterior,posterior,whole,,,,,,,,,,,,,,,,
832,p4,right_2,other,right,anterior,anterior,whole,,,,,,,,,,,,,,,,
833,p4,right_2,other,right,anterior,anterior,whole,,,,,,,,,,,,,,,,
834,p4,right_2,other,right,anterior,anterior,whole,,,,,,,,,,,,,,,,
835,p4,right_2,other,right,anterior,anterior,whole,,,,,,,,,,,,,,,,
836,p4,right_2,other,right,anterior,anterior,whole,,,,,,,,,,,,,,,,
837,p4,right_2,other,right,anterior,anterior,whole,,,,,,,,,,,,,,,,
838,p4,right_2,other,right,anterior,anterior,whole,,,,,,,,,,,,,,,,
839,p4,right_2,other,right,anterior,anterior,whole,,,,,,,,,,,,,,,,
840,p4,right_2,other,right,anterior,anterior,whole,,,,,,,,,,,,,,,,
841,p4,right_2,other,right,anterior,anterior,whole,,,,,,,,,,,,,,,,
842,p4,right_2,other,right,anterior,anterior,whole,,,,,,,,,,,,,,,,
843,p4,right_2,other,right,anterior,anterior,whole,,,,,,,,,,,,,,,,
844,p4,right_2,other,right,anterior,anterior,whole,,,,,,,,,,,,,,,,
845,p4,right_2,other,right,anterior,anterior,whole,,,,,,,,,,,,,,,,
846,p4,right_2,other,right,anterior,anterior,whole,,,,,,,,,,,,,,,,
847,p4,right_2,other,right,anterior,anterior,whole,,,,,,,,,,,,,,,,
848,p4,right_2,other,right,anterior,anterior,whole,,,,,,,,,,,,,,,,
849,p4,right_2,other,right,anterior,anterior,whole,,,,,,,,,,,,,,,,
850,p4,right_2,other,right,anterior,anterior,whole,,,,,,,,,,,,,,,,
851,p4,right_2,other,right,anterior,anterior,whole,,,,,,,,,,,,,,,,
852,p4,right_2,other,right,anterior,anterior,whole,,,,,,,,,,,,,,,,
853,p4,right_2,other,right,anterior,anterior,whole,,,,,,,,,,,,,,,,
854,p4,right_2,other,right,anterior,anterior,whole,,,,,,,,,,,,,,,,
855,p4,right_2,other,right,anterior,anterior,whole,,,,,,,,,,,,,,,,
856,p4,right_2,other,right,anterior,anterior,whole,,,,,,,,,,,,,,,,
857,p4,right_2,other,right,anterior,anterior,whole,,,,,,,,,,,,,,,,
858,p4,right_2,other,right,anterior,anterior,whole,,,,,,,,,,,,,,,,
859,p4,right_2,other,right,anterior,anterior,whole,,,,,,,,,,,,,,,,
860,p4,right_2,other,right,anterior,anterior,whole,,,,,,,,,,,,,,,,
861,p4,right_2,other,right,anterior,anterior,whole,,,,,,,,,,,,,,,,
862,p4,right_2,other,right,anterior,anterior,whole,,,,,,,,,,,,,,,,
863,p4,right_2,other,right,posterior,posterior,whole,,,,,,,,,,,,,,,,
864,p4,right_2,other,right,posterior,posterior,whole,,,,,,,,,,,,,,,,
865,p4,right_2,other,right,posterior,posterior,whole,,,,,,,,,,,,,,,,
866,p4,right_2,other,right,posterior,posterior,whole,,,,,,,,,,,,,,,,
867,p4,right_2,other,right,posterior,posterior,whole,,,,,,,,,,,,,,,,
868,p4,right_2,other,right,posterior,posterior,whole,,,,,,,,,,,,,,,,
869,p4,right_2,other,right,posterior,posterior,whole,,,,,,,,,,,,,,,,
870,p4,right_2,other,right,posterior,posterior,whole,,,,,,,,,,,,,,,,
871,p4,right_2,other,right,posterior,posterior,whole,,,,,,,,,,,,,,,,
872,p4,right_2,other,right,posterior,posterior,whole,,,,,,,,,,,,,,,,
873,p4,right_2,other,right,posterior,posterior,whole,,,,,,,,,,,,,,,,
874,p4,right_2,other,right,posterior,posterior,whole,,,,,,,,,,,,,,,,
875,p4,right_2,other,right,posterior,posterior,whole,,,,,,,,,,,,,,,,
876,p4,right_2,other,right,posterior,posterior,whole,,,,,,,,,,,,,,,,
877,p4,right_2,other,right,posterior,posterior,whole,,,,,,,,,,,,,,,,
878,p4,right_2,other,right,posterior,posterior,whole,,,,,,,,,,,,,,,,
879,p4,right_2,other,right,posterior,posterior,whole,,,,,,,,,,,,,,,,
880,p4,right_2,other,right,posterior,posterior,whole,,,,,,,,,,,,,,,,
881,p4,right_2,other,right,posterior,posterior,whole,,,,,,,,,,,,,,,,
882,p4,right_2,other,right,posterior,posterior,whole,,,,,,,,,,,,,,,,
883,p4,right_2,other,right,posterior,posterior,whole,,,,,,,,,,,,,,,,
884,p4,right_2,other,right,posterior,posterior,whole,,,,,,,,,,,,,,,,
885,p4,right_2,other,right,posterior,posterior,whole,,,,,,,,,,,,,,,,
886,p4,right_2,other,right,posterior,posterior,whole,,,,,,,,,,,,,,,,
887,p4,right_2,other,right,posterior,posterior,whole,,,,,,,,,,,,,,,,
888,p4,right_2,other,right,posterior,posterior,whole,,,,,,,,,,,,,,,,
889,p4,right_2,other,right,posterior,posterior,whole,,,,,,,,,,,,,,,,
890,p4,right_2,other,right,posterior,posterior,whole,,,,,,,,,,,,,,,,
891,p4,right_2,other,right,posterior,posterior,whole,,,,,,,,,,,,,,,,
892,p4,right_2,other,right,posterior,posterior,whole,,,,,,,,,,,,,,,,
893,p4,right_2,other,right,posterior,posterior,whole,,,,,,,,,,,,,,,,
894,p4,right_2,other,right,posterior,posterior,whole,,,,,,,,,,,,,,,,
895,p4,right_2,other,right,posterior,posterior,whole,,,,,,,,,,,,,,,,
896,p4,right_2,other,right,posterior,posterior,whole,,,,,,,,,,,,,,,,
